6ncs_A	6ncs_B	1.0	0.93055
7kih_A	7kih_B	1.0	0.95041
6cgo_A	6cgo_B	1.0	0.9636
6l8v_A	6l8v_B	1.0	0.17035
7e63_A	7e63_B	1.0	0.5387
6wxo_A	6wxo_B	1.0	0.54732
7bcb_A	7bcb_B	1.0	0.97303
6wk3_A	6wk3_B	1.0	0.95916
6fqr_A	6fqr_B	1.0	0.96244
7dka_A	7dka_B	1.0	0.68915
6c0g_A	6c0g_B	1.0	0.88114
7wbt_A	7wbt_B	1.0	0.88686
6laf_A	6laf_B	1.0	0.72672
5yjc_A	5yjc_B	1.0	0.84819
7o21_A	7o21_B	1.0	0.64722
6yf5_A	6yf5_B	1.0	0.95451
7mwa_A	7mwa_B	1.0	0.89817
6ecm_A	6ecm_B	1.0	0.2587
6kkn_A	6kkn_B	1.0	0.84706
6ys4_A	6ys4_B	1.0	0.81153
5yox_A	5yox_B	1.0	0.75835
6ghc_A	6ghc_B	1.0	0.59144
5z2h_A	5z2h_B	1.0	0.93559
6e12_A	6e12_B	1.0	0.90012
7arr_A	7arr_B	1.0	0.22641
7aal_A	7aal_B	1.0	0.94008
6vd9_A	6vd9_B	1.0	0.00645
6s4q_A	6s4q_B	1.0	0.95189
6xfj_A	6xfj_B	1.0	0.60502
6gup_A	6gup_B	1.0	0.92756
5ow2_A	5ow2_B	1.0	0.96972
6qwo_A	6qwo_B	1.0	0.47103
6k4e_A	6k4e_B	1.0	0.94437
6nk3_A	6nk3_B	1.0	0.0042305
6a27_A	6a27_B	1.0	0.80155
6h59_A	6h59_B	1.0	0.90732
6sa9_A	6sa9_B	1.0	0.93558
7dtl_A	7dtl_B	1.0	0.79121
6pbd_A	6pbd_B	1.0	0.65114
7cym_A	7cym_B	1.0	0.0042603
6ltp_A	6ltp_B	1.0	0.95162
6g2g_A	6g2g_B	1.0	0.97509
5yug_A	5yug_B	1.0	0.12319
6ltz_A	6ltz_B	1.0	0.36615
6kri_A	6kri_B	1.0	0.95911
7dbl_A	7dbl_B	1.0	0.89033
6xdc_A	6xdc_B	1.0	0.84546
6o15_A	6o15_B	1.0	0.86292
7q97_A	7q97_B	1.0	0.62769
7au2_A	7au2_B	1.0	0.95904
7bgs_A	7bgs_B	1.0	0.80339
6zb8_A	6zb8_B	1.0	0.85237
6jza_A	6jza_B	1.0	0.0042446
6s0e_A	6s0e_B	1.0	0.92088
7t8i_A	7t8i_B	1.0	0.0041972
6iak_A	6iak_B	1.0	0.77139
7d34_A	7d34_B	1.0	0.72763
7r4m_A	7r4m_B	1.0	0.94231
7a0m_A	7a0m_B	1.0	0.87151
6w9z_A	6w9z_B	1.0	0.34982
6siz_A	6siz_B	1.0	0.94931
6w08_A	6w08_B	1.0	0.83801
6pi4_A	6pi4_B	1.0	0.87413
7kl7_A	7kl7_B	1.0	0.97707
6xiv_A	6xiv_B	1.0	0.41761
7p5c_A	7p5c_B	1.0	0.8844
6lul_A	6lul_B	1.0	0.82199
6sqj_A	6sqj_B	1.0	0.81464
7emy_A	7emy_B	1.0	0.90829
6o2u_A	6o2u_B	1.0	0.84898
7ep5_A	7ep5_B	1.0	0.71317
7blf_A	7blf_B	1.0	0.97102
7bqg_A	7bqg_B	1.0	0.87288
5wec_A	5wec_B	1.0	0.68307
6ju8_A	6ju8_B	1.0	0.89672
6g8w_A	6g8w_B	1.0	0.97379
6lnd_A	6lnd_B	1.0	0.51537
6sj8_A	6sj8_B	1.0	0.87091
7o5y_A	7o5y_B	1.0	0.90383
6n7o_A	6n7o_B	1.0	0.16535
6yex_A	6yex_B	1.0	0.67187
6zdu_A	6zdu_B	1.0	0.84724
7d2g_A	7d2g_B	1.0	0.86915
6dxr_A	6dxr_B	1.0	0.88265
6qaj_A	6qaj_B	1.0	0.91463
6z4e_A	6z4e_B	1.0	0.84791
6ahw_A	6ahw_B	1.0	0.67524
7drj_A	7drj_B	1.0	0.82709
6yk8_A	6yk8_B	1.0	0.89909
6qvf_A	6qvf_B	1.0	0.64007
6k62_A	6k62_B	1.0	0.84763
6l2w_A	6l2w_B	1.0	0.98017
6sbs_A	6sbs_B	1.0	0.44041
6n7m_A	6n7m_B	1.0	0.91995
7f9h_A	7f9h_B	1.0	0.63444
7k5n_A	7k5n_B	1.0	0.95914
6tek_A	6tek_B	1.0	0.64254
7zal_A	7zal_B	1.0	0.27075
7vfo_A	7vfo_B	1.0	0.93507
7dm0_A	7dm0_B	1.0	0.81936
7msl_A	7msl_B	1.0	0.96525
6lpw_A	6lpw_B	1.0	0.94092
7jrk_A	7jrk_B	1.0	0.87207
7r5y_A	7r5y_B	1.0	0.8106
6yjd_A	6yjd_B	1.0	0.91004
6tgk_A	6tgk_B	1.0	0.79339
6p74_A	6p74_B	1.0	0.83717
6h8f_A	6h8f_B	1.0	0.93345
7c7e_A	7c7e_B	1.0	0.34412
7eev_A	7eev_B	1.0	0.88874
7t8o_A	7t8o_B	1.0	0.84037
6iu5_A	6iu5_B	1.0	0.93486
7stl_A	7stl_B	1.0	0.94243
5xp0_A	5xp0_B	1.0	0.031672
7s0r_A	7s0r_B	1.0	0.7825
6tl8_A	6tl8_B	1.0	0.16274
7dut_A	7dut_B	1.0	0.98002
6dz6_A	6dz6_B	1.0	0.88265
6g1c_A	6g1c_B	1.0	0.96645
6d3v_A	6d3v_B	1.0	0.89384
6k38_A	6k38_B	1.0	0.96109
6lk7_A	6lk7_B	1.0	0.8218
6w6b_A	6w6b_B	1.0	0.84965
6ya2_A	6ya2_B	1.0	0.018861
6lac_A	6lac_B	1.0	0.94396
6k95_A	6k95_B	1.0	0.70823
6liy_A	6liy_B	1.0	0.46277
6nqy_A	6nqy_B	1.0	0.91793
6le1_A	6le1_B	1.0	0.0050977
7ccb_A	7ccb_B	1.0	0.32051
6vwo_A	6vwo_B	1.0	0.95245
6njy_A	6njy_B	1.0	0.63671
6juf_A	6juf_B	1.0	0.75745
7ads_A	7ads_B	1.0	0.96708
6tp5_A	6tp5_B	1.0	0.61064
6hhb_A	6hhb_B	1.0	0.94092
7al1_A	7al1_B	1.0	0.0047911
7f7p_A	7f7p_B	1.0	0.92378
6nag_A	6nag_B	1.0	0.89368
7ppp_A	7ppp_B	1.0	0.013386
6a0n_A	6a0n_B	1.0	0.94708
7cf7_A	7cf7_B	1.0	0.93449
6tjr_A	6tjr_B	1.0	0.95015
6ket_A	6ket_B	1.0	0.9031
6xfu_A	6xfu_B	1.0	0.65775
6snz_A	6snz_B	1.0	0.9623
7e4j_A	7e4j_B	1.0	0.091397
7dnu_A	7dnu_B	1.0	0.86633
7cbs_A	7cbs_B	1.0	0.40036
5xyb_A	5xyb_B	1.0	0.74567
6c3r_A	6c3r_B	1.0	0.85655
7c6i_A	7c6i_B	1.0	0.9567
6s33_A	6s33_B	1.0	0.86739
6r5j_A	6r5j_B	1.0	0.0043964
6su3_A	6su3_B	1.0	0.63049
6r23_A	6r23_B	1.0	0.42065
7ntf_A	7ntf_B	1.0	0.92967
7duw_A	7duw_B	1.0	0.95088
7ae6_A	7ae6_B	1.0	0.95437
7f7c_A	7f7c_B	1.0	0.87799
6hbz_A	6hbz_B	1.0	0.88057
6t4d_A	6t4d_B	1.0	0.011679
7she_A	7she_B	1.0	0.62397
6hq2_A	6hq2_B	1.0	0.8762
7vfk_A	7vfk_B	1.0	0.92395
7c0q_A	7c0q_B	1.0	0.91184
7kv7_A	7kv7_B	1.0	0.90102
6ghs_A	6ghs_B	1.0	0.12684
6g6s_A	6g6s_B	1.0	0.95228
7e8r_A	7e8r_B	1.0	0.72496
6fp5_A	6fp5_B	1.0	0.79284
6j38_A	6j38_B	1.0	0.98232
6jkg_A	6jkg_B	1.0	0.94597
7dwm_A	7dwm_B	1.0	0.96308
6s3k_A	6s3k_B	1.0	0.8706
6l0t_A	6l0t_B	1.0	0.27315
7qvb_A	7qvb_B	1.0	0.83818
7f9j_A	7f9j_B	1.0	0.81128
5zke_A	5zke_B	1.0	0.94345
6hee_A	6hee_B	1.0	0.92856
6mwl_A	6mwl_B	1.0	0.92011
6vij_A	6vij_B	1.0	0.98031
6l6g_A	6l6g_B	1.0	0.90517
6gf8_A	6gf8_B	1.0	0.79913
6rn5_A	6rn5_B	1.0	0.94962
5nl6_A	5nl6_B	1.0	0.95347
6uxq_A	6uxq_B	1.0	0.31351
7n0l_A	7n0l_B	1.0	0.90136
6d1p_A	6d1p_B	1.0	0.88362
6dj3_A	6dj3_B	1.0	0.88727
6l4b_A	6l4b_B	1.0	0.96358
6u8t_A	6u8t_B	1.0	0.91227
6k5g_A	6k5g_B	1.0	0.8411
6dlo_A	6dlo_B	1.0	0.42015
6bk4_A	6bk4_B	1.0	0.88905
5zes_A	5zes_B	1.0	0.93508
6rnq_A	6rnq_B	1.0	0.91165
6yhh_A	6yhh_B	1.0	0.95675
6gyg_A	6gyg_B	1.0	0.94896
6qj6_A	6qj6_B	1.0	0.80275
6a4v_A	6a4v_B	1.0	0.77677
7uh4_A	7uh4_B	1.0	0.95748
7dpe_A	7dpe_B	1.0	0.28082
6fh4_A	6fh4_B	1.0	0.4876
6xz3_A	6xz3_B	1.0	0.91175
7twa_A	7twa_B	1.0	0.78203
7wsj_A	7wsj_B	1.0	0.97927
6jyk_A	6jyk_B	1.0	0.94841
7ep3_A	7ep3_B	1.0	0.82062
6tdd_A	6tdd_B	1.0	0.064044
6sid_A	6sid_B	1.0	0.95922
7cv7_A	7cv7_B	1.0	0.28082
7p7w_A	7p7w_B	1.0	0.92567
6yxa_A	6yxa_B	1.0	0.88953
6l6w_A	6l6w_B	1.0	0.42284
6gh3_A	6gh3_B	1.0	0.9232
7tkv_A	7tkv_B	1.0	0.9505
7c23_A	7c23_B	1.0	0.89976
6ur7_A	6ur7_B	1.0	0.91763
6nb0_A	6nb0_B	1.0	0.90054
7mbw_A	7mbw_B	1.0	0.67517
7s03_A	7s03_B	1.0	0.65046
5ydd_A	5ydd_B	1.0	0.96879
7nf7_A	7nf7_B	1.0	0.70713
6g7b_A	6g7b_B	1.0	0.84802
6tgp_A	6tgp_B	1.0	0.65587
6a56_A	6a56_B	1.0	0.75972
6l9u_A	6l9u_B	1.0	0.82375
6ksy_A	6ksy_B	1.0	0.9584
6y86_A	6y86_B	1.0	0.92573
6c6n_A	6c6n_B	1.0	0.9348
7jl6_A	7jl6_B	1.0	0.9408
6r22_A	6r22_B	1.0	0.42065
6za2_A	6za2_B	1.0	0.88744
6fju_A	6fju_B	1.0	0.95012
6a29_A	6a29_B	1.0	0.79012
6oid_A	6oid_B	1.0	0.72476
7eft_A	7eft_B	1.0	0.94751
6h24_A	6h24_B	1.0	0.92347
6qm2_A	6qm2_B	1.0	0.80362
7c8f_A	7c8f_B	1.0	0.57319
6cfy_A	6cfy_B	1.0	0.94923
6w40_A	6w40_B	1.0	0.81862
6u1q_A	6u1q_B	1.0	0.97392
7agw_A	7agw_B	1.0	0.62128
7eme_A	7eme_B	1.0	0.97778
6u81_A	6u81_B	1.0	0.0041894
6vpe_A	6vpe_B	1.0	0.76401
6nx3_A	6nx3_B	1.0	0.88485
7qyd_A	7qyd_B	1.0	0.90552
6qla_A	6qla_B	1.0	0.53788
7vu5_A	7vu5_B	1.0	0.69642
6fco_A	6fco_B	1.0	0.95295
6kew_A	6kew_B	1.0	0.91882
6y93_A	6y93_B	1.0	0.95077
6dk7_A	6dk7_B	1.0	0.746
6lf2_A	6lf2_B	1.0	0.42835
6wao_A	6wao_B	1.0	0.91908
6np6_A	6np6_B	1.0	0.84525
7c4o_A	7c4o_B	1.0	0.85996
6xfi_A	6xfi_B	1.0	0.49024
7r65_A	7r65_B	1.0	0.9407
6htj_A	6htj_B	1.0	0.81236
5wb4_A	5wb4_B	1.0	0.67975
6ptg_A	6ptg_B	1.0	0.39153
6qti_A	6qti_B	1.0	0.95698
5ze7_A	5ze7_B	1.0	0.93508
6kd6_A	6kd6_B	1.0	0.6093
7bbq_A	7bbq_B	1.0	0.97303
6mn6_A	6mn6_B	1.0	0.93964
7e4m_A	7e4m_B	1.0	0.93872
7edb_A	7edb_B	1.0	0.72496
6p40_A	6p40_B	1.0	0.96641
7lqx_A	7lqx_B	1.0	0.85165
7txn_A	7txn_B	1.0	0.89693
6xmb_A	6xmb_B	1.0	0.89565
7rwm_A	7rwm_B	1.0	0.82234
7sb2_A	7sb2_B	1.0	0.6161
6qpk_A	6qpk_B	1.0	0.94483
6mfo_A	6mfo_B	1.0	0.38539
6r60_A	6r60_B	1.0	0.073549
6kkt_A	6kkt_B	1.0	0.8667
7tuk_A	7tuk_B	1.0	0.12395
7n34_A	7n34_B	1.0	0.84573
6qlc_A	6qlc_B	1.0	0.97284
6st4_A	6st4_B	1.0	0.13661
5yeu_A	5yeu_B	1.0	0.77901
6kju_A	6kju_B	1.0	0.91439
6j6f_A	6j6f_B	1.0	0.97393
5ycz_A	5ycz_B	1.0	0.050349
7dns_A	7dns_B	1.0	0.93012
5yad_A	5yad_B	1.0	0.95228
6bxz_A	6bxz_B	1.0	0.28225
6efw_A	6efw_B	1.0	0.97067
7c5y_A	7c5y_B	1.0	0.75356
6ty0_A	6ty0_B	1.0	0.070691
7l49_A	7l49_B	1.0	0.90059
6nx5_A	6nx5_B	1.0	0.79214
6jqy_A	6jqy_B	1.0	0.0069705
6hhk_A	6hhk_B	1.0	0.86703
6o5k_A	6o5k_B	1.0	0.93908
6j52_A	6j52_B	1.0	0.91936
6ka3_A	6ka3_B	1.0	0.39808
6m4f_A	6m4f_B	1.0	0.86281
6ea8_A	6ea8_B	1.0	0.84774
7l6g_A	7l6g_B	1.0	0.8587
7esw_A	7esw_B	1.0	0.6935
6fpf_A	6fpf_B	1.0	0.58069
6zi1_A	6zi1_B	1.0	0.89051
6ny5_A	6ny5_B	1.0	0.80341
7n0z_A	7n0z_B	1.0	0.93976
6igv_A	6igv_B	1.0	0.95917
6iz2_A	6iz2_B	1.0	0.96303
7rtu_A	7rtu_B	1.0	0.64263
7m96_A	7m96_B	1.0	0.83739
6jie_A	6jie_B	1.0	0.92522
7v6p_A	7v6p_B	1.0	0.95568
6xrb_A	6xrb_B	1.0	0.98372
6ekr_A	6ekr_B	1.0	0.89073
6hlu_A	6hlu_B	1.0	0.87238
6jsd_A	6jsd_B	1.0	0.84499
6dkk_A	6dkk_B	1.0	0.77342
7fh1_A	7fh1_B	1.0	0.83865
7dw5_A	7dw5_B	1.0	0.23494
7mrj_A	7mrj_B	1.0	0.84671
6lta_A	6lta_B	1.0	0.92801
7rmx_A	7rmx_B	1.0	0.85762
6iwj_A	6iwj_B	1.0	0.098636
5xxz_A	5xxz_B	1.0	0.80262
6mlu_A	6mlu_B	1.0	0.87205
7b5w_A	7b5w_B	1.0	0.82308
6rfg_A	6rfg_B	1.0	0.30391
6ft5_A	6ft5_B	1.0	0.89515
6z0f_A	6z0f_B	1.0	0.90625
6cpd_A	6cpd_B	1.0	0.9491
6izv_A	6izv_B	1.0	0.82447
7ped_A	7ped_B	1.0	0.31031
7nto_A	7nto_B	1.0	0.0041722
6npl_A	6npl_B	1.0	0.67835
7czg_A	7czg_B	1.0	0.0072509
7e0w_A	7e0w_B	1.0	0.72195
6wb3_A	6wb3_B	1.0	0.3848
6k5x_A	6k5x_B	1.0	0.82586
6fh1_A	6fh1_B	1.0	0.59654
6wig_A	6wig_B	1.0	0.0044824
7lh6_A	7lh6_B	1.0	0.93439
7oom_A	7oom_B	1.0	0.94653
6tcb_A	6tcb_B	1.0	0.97306
6wbe_A	6wbe_B	1.0	0.27505
6ra0_A	6ra0_B	1.0	0.80902
6oib_A	6oib_B	1.0	0.97475
6wlg_A	6wlg_B	1.0	0.87582
6fan_A	6fan_B	1.0	0.015757
6eko_A	6eko_B	1.0	0.84797
5ykz_A	5ykz_B	1.0	0.29176
6rk1_A	6rk1_B	1.0	0.0041733
7dqg_A	7dqg_B	1.0	0.88993
6mxv_A	6mxv_B	1.0	0.86192
6fxr_A	6fxr_B	1.0	0.91452
6zts_A	6zts_B	1.0	0.90766
6sa7_A	6sa7_B	1.0	0.42631
6efy_A	6efy_B	1.0	0.017233
6juv_A	6juv_B	1.0	0.91665
5xvj_A	5xvj_B	1.0	0.93535
7jw6_A	7jw6_B	1.0	0.86207
6hqz_A	6hqz_B	1.0	0.98032
6si6_A	6si6_B	1.0	0.936
7po9_A	7po9_B	1.0	0.13994
7f20_A	7f20_B	1.0	0.91636
6qvp_A	6qvp_B	1.0	0.30221
6a7s_A	6a7s_B	1.0	0.79615
7cm9_A	7cm9_B	1.0	0.92623
7dl3_A	7dl3_B	1.0	0.87012
6p8p_A	6p8p_B	1.0	0.32963
6yge_A	6yge_B	1.0	0.8197
5od9_A	5od9_B	1.0	0.97461
7f2f_A	7f2f_B	1.0	0.75951
6oei_A	6oei_B	1.0	0.95223
5zi6_A	5zi6_B	1.0	0.0041728
6e4h_A	6e4h_B	1.0	0.92717
6c5d_A	6c5d_B	1.0	0.87171
6wt5_A	6wt5_B	1.0	0.86571
7c4h_A	7c4h_B	1.0	0.84908
7ess_A	7ess_B	1.0	0.97343
6nd7_A	6nd7_B	1.0	0.93972
6m31_A	6m31_B	1.0	0.82078
6oht_A	6oht_B	1.0	0.75589
7c5z_A	7c5z_B	1.0	0.82274
7oc5_A	7oc5_B	1.0	0.87225
6jhu_A	6jhu_B	1.0	0.90389
6uak_A	6uak_B	1.0	0.94063
7r9g_A	7r9g_B	1.0	0.899
6jl9_A	6jl9_B	1.0	0.77557
6i6u_A	6i6u_B	1.0	0.63018
6z3n_A	6z3n_B	1.0	0.89278
6jhv_A	6jhv_B	1.0	0.29575
5zkt_A	5zkt_B	1.0	0.9028
6k5s_A	6k5s_B	1.0	0.91122
6ryi_A	6ryi_B	1.0	0.064338
6jtz_A	6jtz_B	1.0	0.94853
6eys_A	6eys_B	1.0	0.76384
5zne_A	5zne_B	1.0	0.56251
7lji_A	7lji_B	1.0	0.91883
6t0q_A	6t0q_B	1.0	0.79495
6x1l_A	6x1l_B	1.0	0.90044
6dm3_A	6dm3_B	1.0	0.34442
6n4x_A	6n4x_B	1.0	0.60687
6iqe_A	6iqe_B	1.0	0.29331
7u8t_A	7u8t_B	1.0	0.67451
6y7f_A	6y7f_B	1.0	0.88399
6r45_A	6r45_B	1.0	0.85921
6k6l_A	6k6l_B	1.0	0.91551
6hzk_A	6hzk_B	1.0	0.94373
6yqq_A	6yqq_B	1.0	0.93992
6ttl_A	6ttl_B	1.0	0.78249
5yo8_A	5yo8_B	1.0	0.91994
7rwk_A	7rwk_B	1.0	0.47679
7v2s_A	7v2s_B	1.0	0.94727
6u7l_A	6u7l_B	1.0	0.92751
6z7o_A	6z7o_B	1.0	0.89951
6vhy_A	6vhy_B	1.0	0.95247
6ij2_A	6ij2_B	1.0	0.89035
7ksp_A	7ksp_B	1.0	0.84291
6mbi_A	6mbi_B	1.0	0.2587
5yet_A	5yet_B	1.0	0.92603
6leb_A	6leb_B	1.0	0.75754
6hlk_A	6hlk_B	1.0	0.21691
7lq2_A	7lq2_B	1.0	0.97019
6isk_A	6isk_B	1.0	0.83342
7crn_A	7crn_B	1.0	0.9506
6imj_A	6imj_B	1.0	0.26591
7tae_A	7tae_B	1.0	0.91046
7d54_A	7d54_B	1.0	0.80859
6ytu_A	6ytu_B	1.0	0.33135
6r2f_A	6r2f_B	1.0	0.63222
6sek_A	6sek_B	1.0	0.9752
6ae9_A	6ae9_B	1.0	0.95821
6vd8_A	6vd8_B	1.0	0.0051973
6q2z_A	6q2z_B	1.0	0.49256
7bil_A	7bil_B	1.0	0.93688
6v7u_A	6v7u_B	1.0	0.61581
6oaw_A	6oaw_B	1.0	0.93609
7ebs_A	7ebs_B	1.0	0.90376
6sm4_A	6sm4_B	1.0	0.91912
6yxe_A	6yxe_B	1.0	0.44072
6x6f_A	6x6f_B	1.0	0.78048
6dx5_A	6dx5_B	1.0	0.8468
6n2m_A	6n2m_B	1.0	0.85206
6l5h_A	6l5h_B	1.0	0.8977
6cmk_A	6cmk_B	1.0	0.92766
6i1r_A	6i1r_B	1.0	0.019691
6k17_A	6k17_B	1.0	0.86442
6ggo_A	6ggo_B	1.0	0.87311
6khy_A	6khy_B	1.0	0.96057
7f9i_A	7f9i_B	1.0	0.63444
6ro6_A	6ro6_B	1.0	0.53656
6h56_A	6h56_B	1.0	0.63401
6m10_A	6m10_B	1.0	0.89305
7ocz_A	7ocz_B	1.0	0.0042768
6hxa_A	6hxa_B	1.0	0.85046
7unl_A	7unl_B	1.0	0.80805
7a0h_A	7a0h_B	1.0	0.84148
7rrm_A	7rrm_B	1.0	0.5984
6r80_A	6r80_B	1.0	0.95594
7jwf_A	7jwf_B	1.0	0.80994
7dfe_A	7dfe_B	1.0	0.92596
6a57_A	6a57_B	1.0	0.0042007
6q40_A	6q40_B	1.0	0.90387
5w6l_A	5w6l_B	1.0	0.89151
7jqe_A	7jqe_B	1.0	0.88553
6lkx_A	6lkx_B	1.0	0.9416
6tv2_A	6tv2_B	1.0	0.9295
6ki2_A	6ki2_B	1.0	0.85738
7eqb_A	7eqb_B	1.0	0.90788
6j9k_A	6j9k_B	1.0	0.87261
8dgg_A	8dgg_B	1.0	0.039662
6pkh_A	6pkh_B	1.0	0.53158
6e52_A	6e52_B	1.0	0.83216
6yf6_A	6yf6_B	1.0	0.96897
7o7a_A	7o7a_B	1.0	0.70083
7m1a_A	7m1a_B	1.0	0.91866
5yek_A	5yek_B	1.0	0.83183
6hwl_A	6hwl_B	1.0	0.12373
6x2d_A	6x2d_B	1.0	0.9384
6ecw_A	6ecw_B	1.0	0.97136
6iuf_A	6iuf_B	1.0	0.95712
7l2a_A	7l2a_B	1.0	0.67112
5y7d_A	5y7d_B	1.0	0.70041
6ig4_A	6ig4_B	1.0	0.91771
6sgf_A	6sgf_B	1.0	0.96
6k0w_A	6k0w_B	1.0	0.89146
6mgv_A	6mgv_B	1.0	0.86021
7pvh_A	7pvh_B	1.0	0.92411
6dhv_A	6dhv_B	1.0	0.81493
7tzv_A	7tzv_B	1.0	0.85855
7ocs_A	7ocs_B	1.0	0.78706
7dxy_A	7dxy_B	1.0	0.0071153
5xll_A	5xll_B	1.0	0.81619
7aed_A	7aed_B	1.0	0.54395
7d9m_A	7d9m_B	1.0	0.60573
6m6q_A	6m6q_B	1.0	0.37846
7dvn_A	7dvn_B	1.0	0.87453
6yfi_A	6yfi_B	1.0	0.68869
6fde_A	6fde_B	1.0	0.73977
6sbw_A	6sbw_B	1.0	0.9543
5y4g_A	5y4g_B	1.0	0.63548
6vbk_A	6vbk_B	1.0	0.82058
6ahp_A	6ahp_B	1.0	0.94332
7feo_A	7feo_B	1.0	0.0070039
6t88_A	6t88_B	1.0	0.94939
7o4e_A	7o4e_B	1.0	0.92263
6jsx_A	6jsx_B	1.0	0.92768
5xor_A	5xor_B	1.0	0.80801
6z26_A	6z26_B	1.0	0.87682
5w4a_A	5w4a_B	1.0	0.93919
7dtr_A	7dtr_B	1.0	0.9465
7qb9_A	7qb9_B	1.0	0.27196
6vvg_A	6vvg_B	1.0	0.01085
6noy_A	6noy_B	1.0	0.94867
6jbd_A	6jbd_B	1.0	0.96177
6jvv_A	6jvv_B	1.0	0.85416
6tjd_A	6tjd_B	1.0	0.89788
7nxg_A	7nxg_B	1.0	0.89124
5zmu_A	5zmu_B	1.0	0.92749
6c30_A	6c30_B	1.0	0.96151
6eyx_A	6eyx_B	1.0	0.70941
7ct3_A	7ct3_B	1.0	0.96812
6hej_A	6hej_B	1.0	0.69351
6awl_A	6awl_B	1.0	0.96974
6ryd_A	6ryd_B	1.0	0.064338
6no6_A	6no6_B	1.0	0.95844
6uv8_A	6uv8_B	1.0	0.9655
7vw0_A	7vw0_B	1.0	0.893
7pty_A	7pty_B	1.0	0.95825
6pal_A	6pal_B	1.0	0.87496
6chj_A	6chj_B	1.0	0.95762
6mag_A	6mag_B	1.0	0.75494
6ptl_A	6ptl_B	1.0	0.9659
6abr_A	6abr_B	1.0	0.97141
7poh_A	7poh_B	1.0	0.0051248
7f8f_A	7f8f_B	1.0	0.21556
6mvu_A	6mvu_B	1.0	0.79094
7vkx_A	7vkx_B	1.0	0.69933
6xgw_A	6xgw_B	1.0	0.83544
6ign_A	6ign_B	1.0	0.92462
6r6u_A	6r6u_B	1.0	0.87377
7kqu_A	7kqu_B	1.0	0.87633
7rtm_A	7rtm_B	1.0	0.74943
6wku_A	6wku_B	1.0	0.63799
6tdn_A	6tdn_B	1.0	0.81008
6p1a_A	6p1a_B	1.0	0.66073
6cbc_A	6cbc_B	1.0	0.81086
7wwn_A	7wwn_B	1.0	0.92701
6g3b_A	6g3b_B	1.0	0.84082
6f1e_A	6f1e_B	1.0	0.8965
5xua_A	5xua_B	1.0	0.97731
6hcz_A	6hcz_B	1.0	0.41453
7mrm_A	7mrm_B	1.0	0.71507
7os7_A	7os7_B	1.0	0.61627
7oc3_A	7oc3_B	1.0	0.75815
6l2u_A	6l2u_B	1.0	0.045807
6san_A	6san_B	1.0	0.14008
6tct_A	6tct_B	1.0	0.37386
7d62_A	7d62_B	1.0	0.95077
7vwt_A	7vwt_B	1.0	0.93457
7m0q_A	7m0q_B	1.0	0.028197
6hat_A	6hat_B	1.0	0.93879
7ls0_A	7ls0_B	1.0	0.32383
6i5b_A	6i5b_B	1.0	0.93763
7tb6_A	7tb6_B	1.0	0.55251
7d2w_A	7d2w_B	1.0	0.97403
6a2w_A	6a2w_B	1.0	0.92602
6uxu_A	6uxu_B	1.0	0.3347
7lu4_A	7lu4_B	1.0	0.92225
6fg9_A	6fg9_B	1.0	0.91352
7vpu_A	7vpu_B	1.0	0.85041
5yz1_A	5yz1_B	1.0	0.94685
7ai3_A	7ai3_B	1.0	0.84792
6bqc_A	6bqc_B	1.0	0.97044
7oyk_A	7oyk_B	1.0	0.94841
6qeq_A	6qeq_B	1.0	0.74681
6p3x_A	6p3x_B	1.0	0.95214
6lk3_A	6lk3_B	1.0	0.94106
6j8l_A	6j8l_B	1.0	0.97841
7epq_A	7epq_B	1.0	0.95424
6j3a_A	6j3a_B	1.0	0.88819
6abs_A	6abs_B	1.0	0.93556
7eih_A	7eih_B	1.0	0.9612
6ak3_A	6ak3_B	1.0	0.7517
6nqz_A	6nqz_B	1.0	0.90256
7drg_A	7drg_B	1.0	0.55856
7b6b_A	7b6b_B	1.0	0.75481
6y1y_A	6y1y_B	1.0	0.95149
7nlh_A	7nlh_B	1.0	0.94969
6otn_A	6otn_B	1.0	0.95823
7jx6_A	7jx6_B	1.0	0.16646
6h7a_A	6h7a_B	1.0	0.25248
7os5_A	7os5_B	1.0	0.84856
7dus_A	7dus_B	1.0	0.98473
6fhg_A	6fhg_B	1.0	0.92962
6j6a_A	6j6a_B	1.0	0.93695
7fdn_A	7fdn_B	1.0	0.89373
6lgx_A	6lgx_B	1.0	0.78852
6lzh_A	6lzh_B	1.0	0.74684
6gdj_A	6gdj_B	1.0	0.9596
6b9o_A	6b9o_B	1.0	0.81524
6cv7_A	6cv7_B	1.0	0.040699
6pwk_A	6pwk_B	1.0	0.89851
6a4t_A	6a4t_B	1.0	0.80368
6sul_A	6sul_B	1.0	0.3542
6nwx_A	6nwx_B	1.0	0.4261
6hiu_A	6hiu_B	1.0	0.95432
6wsm_A	6wsm_B	1.0	0.83574
6nki_A	6nki_B	1.0	0.9576
6nnw_A	6nnw_B	1.0	0.82808
6hxv_A	6hxv_B	1.0	0.74842
6fjw_A	6fjw_B	1.0	0.23462
6zpm_A	6zpm_B	1.0	0.78628
7f52_A	7f52_B	1.0	0.83314
6nf4_A	6nf4_B	1.0	0.53593
7dvr_A	7dvr_B	1.0	0.80744
6iya_A	6iya_B	1.0	0.64728
7c67_A	7c67_B	1.0	0.95307
7tze_A	7tze_B	1.0	0.44609
7mzy_A	7mzy_B	1.0	0.44455
6xl1_A	6xl1_B	1.0	0.89491
7vjn_A	7vjn_B	1.0	0.96877
7ut4_A	7ut4_B	1.0	0.53706
7pzg_A	7pzg_B	1.0	0.94084
6jc4_A	6jc4_B	1.0	0.81975
7b1l_A	7b1l_B	1.0	0.60022
6onw_A	6onw_B	1.0	0.87584
5znm_A	5znm_B	1.0	0.89404
7f40_A	7f40_B	1.0	0.58186
6dk9_A	6dk9_B	1.0	0.7809
6hfg_A	6hfg_B	1.0	0.59202
6g70_A	6g70_B	1.0	0.84442
6n2u_A	6n2u_B	1.0	0.94677
6npc_A	6npc_B	1.0	0.93622
7nza_A	7nza_B	1.0	0.96409
6bn0_A	6bn0_B	1.0	0.13019
5wd6_A	5wd6_B	1.0	0.91808
7msk_A	7msk_B	1.0	0.95582
6vz0_A	6vz0_B	1.0	0.68599
7ajl_A	7ajl_B	1.0	0.93676
6ifb_A	6ifb_B	1.0	0.73067
6l5j_A	6l5j_B	1.0	0.97795
6gza_A	6gza_B	1.0	0.95065
6sj3_A	6sj3_B	1.0	0.9204
6f7l_A	6f7l_B	1.0	0.96652
7p1j_A	7p1j_B	1.0	0.66987
6p1e_A	6p1e_B	1.0	0.71844
7ofl_A	7ofl_B	1.0	0.9236
7duf_A	7duf_B	1.0	0.95393
7wkw_A	7wkw_B	1.0	0.8813
6ok3_A	6ok3_B	1.0	0.94237
7zcv_A	7zcv_B	1.0	0.48649
7pjo_A	7pjo_B	1.0	0.92195
7k3h_A	7k3h_B	1.0	0.86337
6fpd_A	6fpd_B	1.0	0.95921
6lxx_A	6lxx_B	1.0	0.77557
6fcx_A	6fcx_B	1.0	0.95636
7cfa_A	7cfa_B	1.0	0.89731
7br1_A	7br1_B	1.0	0.78114
6nf3_A	6nf3_B	1.0	0.88265
7jjv_A	7jjv_B	1.0	0.0044752
6e8a_A	6e8a_B	1.0	0.96102
7q6j_A	7q6j_B	1.0	0.97516
6d2w_A	6d2w_B	1.0	0.88996
6ymn_A	6ymn_B	1.0	0.97682
7el6_A	7el6_B	1.0	0.4179
6tp9_A	6tp9_B	1.0	0.92204
6i1a_A	6i1a_B	1.0	0.81774
7ncy_A	7ncy_B	1.0	0.40574
6omi_A	6omi_B	1.0	0.95673
6gf6_A	6gf6_B	1.0	0.79913
6grs_A	6grs_B	1.0	0.32841
6wmm_A	6wmm_B	1.0	0.56066
6f03_A	6f03_B	1.0	0.88112
6xor_A	6xor_B	1.0	0.61557
7v4o_A	7v4o_B	1.0	0.0054246
5zle_A	5zle_B	1.0	0.058372
6zrw_A	6zrw_B	1.0	0.14589
7trv_A	7trv_B	1.0	0.031513
7voj_A	7voj_B	1.0	0.87552
7lga_A	7lga_B	1.0	0.97789
7cu9_A	7cu9_B	1.0	0.91514
6d6y_A	6d6y_B	1.0	0.93695
6tvp_A	6tvp_B	1.0	0.96763
6lhs_A	6lhs_B	1.0	0.7782
6l3q_A	6l3q_B	1.0	0.93695
6db1_A	6db1_B	1.0	0.95586
7tjl_A	7tjl_B	1.0	0.90721
7bjg_A	7bjg_B	1.0	0.91095
6al9_A	6al9_B	1.0	0.86455
5mlq_A	5mlq_B	1.0	0.65449
7cma_A	7cma_B	1.0	0.25134
6k31_A	6k31_B	1.0	0.70316
7fcl_A	7fcl_B	1.0	0.86986
7bgf_A	7bgf_B	1.0	0.93513
6bsu_A	6bsu_B	1.0	0.83511
6gu1_A	6gu1_B	1.0	0.93112
6ulw_A	6ulw_B	1.0	0.96258
6pce_A	6pce_B	1.0	0.74284
6o14_A	6o14_B	1.0	0.51605
6ubl_A	6ubl_B	1.0	0.67584
6ohz_A	6ohz_B	1.0	0.61742
6dqx_A	6dqx_B	1.0	0.7973
7cjn_A	7cjn_B	1.0	0.60573
7ag9_A	7ag9_B	1.0	0.91317
7vu7_A	7vu7_B	1.0	0.9033
5ya6_A	5ya6_B	1.0	0.71216
6lg2_A	6lg2_B	1.0	0.94111
7kpo_A	7kpo_B	1.0	0.95528
5ztm_A	5ztm_B	1.0	0.93181
6fdm_A	6fdm_B	1.0	0.9224
6lj9_A	6lj9_B	1.0	0.49799
6okh_A	6okh_B	1.0	0.94832
7ovp_A	7ovp_B	1.0	0.85914
7e2r_A	7e2r_B	1.0	0.82867
6efn_A	6efn_B	1.0	0.75975
7da9_A	7da9_B	1.0	0.9476
6p7j_A	6p7j_B	1.0	0.89998
6whp_A	6whp_B	1.0	0.45187
5xwe_A	5xwe_B	1.0	0.11598
7u2s_A	7u2s_B	1.0	0.79366
7c64_A	7c64_B	1.0	0.95307
7wwb_A	7wwb_B	1.0	0.39389
6j4d_A	6j4d_B	1.0	0.0077111
6gto_A	6gto_B	1.0	0.8455
6jq1_A	6jq1_B	1.0	0.022308
6zdw_A	6zdw_B	1.0	0.92285
7cnb_A	7cnb_B	1.0	0.89435
6gz0_A	6gz0_B	1.0	0.87639
6u0i_A	6u0i_B	1.0	0.90316
6eg7_A	6eg7_B	1.0	0.75494
6ff6_A	6ff6_B	1.0	0.95109
6xb6_A	6xb6_B	1.0	0.95223
7wwf_A	7wwf_B	1.0	0.96858
7qoe_A	7qoe_B	1.0	0.97654
6v45_A	6v45_B	1.0	0.95939
7cik_A	7cik_B	1.0	0.96771
6iqt_A	6iqt_B	1.0	0.88146
6tdm_A	6tdm_B	1.0	0.8932
7zjc_A	7zjc_B	1.0	0.97744
6jg8_A	6jg8_B	1.0	0.71504
7lv3_A	7lv3_B	1.0	0.9116
7e8j_A	7e8j_B	1.0	0.65276
6wle_A	6wle_B	1.0	0.9309
6kvr_A	6kvr_B	1.0	0.90608
6u2u_A	6u2u_B	1.0	0.28463
7lgn_A	7lgn_B	1.0	0.9513
5z8b_A	5z8b_B	1.0	0.94466
6k88_A	6k88_B	1.0	0.87667
7vo4_A	7vo4_B	1.0	0.68762
7vjo_A	7vjo_B	1.0	0.60039
6dvu_A	6dvu_B	1.0	0.88265
6yjb_A	6yjb_B	1.0	0.67187
6za0_A	6za0_B	1.0	0.39503
7p9k_A	7p9k_B	1.0	0.83053
6t4r_A	6t4r_B	1.0	0.02109
6o6y_A	6o6y_B	1.0	0.64078
7cff_A	7cff_B	1.0	0.74926
5zh8_A	5zh8_B	1.0	0.58471
7vb4_A	7vb4_B	1.0	0.53537
7bji_A	7bji_B	1.0	0.89649
6rs4_A	6rs4_B	1.0	0.96095
7duv_A	7duv_B	1.0	0.92557
7lre_A	7lre_B	1.0	0.7712
6n63_A	6n63_B	1.0	0.824
6ije_A	6ije_B	1.0	0.95594
6dfd_A	6dfd_B	1.0	0.49923
6cmv_A	6cmv_B	1.0	0.8932
7o4f_A	7o4f_B	1.0	0.92263
7jsk_A	7jsk_B	1.0	0.94032
6fxa_A	6fxa_B	1.0	0.13634
6hsd_A	6hsd_B	1.0	0.92448
6cqo_A	6cqo_B	1.0	0.97912
6h6o_A	6h6o_B	1.0	0.87867
6xla_A	6xla_B	1.0	0.11671
7o61_A	7o61_B	1.0	0.92507
7sr6_A	7sr6_B	1.0	0.77349
6v4v_A	6v4v_B	1.0	0.897
7ath_A	7ath_B	1.0	0.55129
7v2v_A	7v2v_B	1.0	0.81979
7eqe_A	7eqe_B	1.0	0.95685
7asv_A	7asv_B	1.0	0.63072
7p34_A	7p34_B	1.0	0.8422
6owd_A	6owd_B	1.0	0.0041754
7p9p_A	7p9p_B	1.0	0.92567
6sws_A	6sws_B	1.0	0.10346
6ohi_A	6ohi_B	1.0	0.72051
5ytq_A	5ytq_B	1.0	0.94743
6swk_A	6swk_B	1.0	0.87435
6sib_A	6sib_B	1.0	0.91007
7epa_A	7epa_B	1.0	0.79096
7o43_A	7o43_B	1.0	0.91763
6vbb_A	6vbb_B	1.0	0.96359
6zdb_A	6zdb_B	1.0	0.59426
6ns4_A	6ns4_B	1.0	0.69354
6mx1_A	6mx1_B	1.0	0.12464
6m6s_A	6m6s_B	1.0	0.14085
6l85_A	6l85_B	1.0	0.82821
6gcv_A	6gcv_B	1.0	0.97784
7bze_A	7bze_B	1.0	0.091484
6n64_A	6n64_B	1.0	0.92478
6wcu_A	6wcu_B	1.0	0.60906
6if6_A	6if6_B	1.0	0.78893
6vzf_A	6vzf_B	1.0	0.87421
6kun_A	6kun_B	1.0	0.82448
7ci1_A	7ci1_B	1.0	0.89161
6aik_A	6aik_B	1.0	0.92495
6ty2_A	6ty2_B	1.0	0.12051
6xig_A	6xig_B	1.0	0.95685
6u6r_A	6u6r_B	1.0	0.083459
6jiw_A	6jiw_B	1.0	0.8368
6tgz_A	6tgz_B	1.0	0.90273
6j9r_A	6j9r_B	1.0	0.90953
7nb0_A	7nb0_B	1.0	0.47078
7aex_A	7aex_B	1.0	0.92651
7s69_A	7s69_B	1.0	0.73349
7jw2_A	7jw2_B	1.0	0.83647
6fln_A	6fln_B	1.0	0.85308
6hxt_A	6hxt_B	1.0	0.80601
7bgm_A	7bgm_B	1.0	0.8447
6h40_A	6h40_B	1.0	0.98338
6ipw_A	6ipw_B	1.0	0.53147
7lgu_A	7lgu_B	1.0	0.86087
6f5c_A	6f5c_B	1.0	0.96966
5y0t_A	5y0t_B	1.0	0.94091
7egt_A	7egt_B	1.0	0.19635
6mud_A	6mud_B	1.0	0.8719
6jle_A	6jle_B	1.0	0.0041729
6lpi_A	6lpi_B	1.0	0.012538
6jd6_A	6jd6_B	1.0	0.95521
5y2z_A	5y2z_B	1.0	0.034793
6yxj_A	6yxj_B	1.0	0.11051
6shx_A	6shx_B	1.0	0.42002
6gs2_A	6gs2_B	1.0	0.49897
6xwx_A	6xwx_B	1.0	0.71858
7kfk_A	7kfk_B	1.0	0.0041745
7tj4_A	7tj4_B	1.0	0.0041727
7ev8_A	7ev8_B	1.0	0.49273
7tzh_A	7tzh_B	1.0	0.0041728
7ubz_A	7ubz_B	1.0	0.0076773
5oxz_A	5oxz_B	1.0	0.0041737
7nqk_A	7nqk_B	1.0	0.49871
6hul_A	6hul_B	1.0	0.18195
6zdx_A	6zdx_B	1.0	0.004207
7jqd_A	7jqd_B	1.0	0.0041787
6c5w_A	6c5w_B	1.0	0.0041726
6epg_A	6epg_B	1.0	0.4956
6wud_A	6wud_B	1.0	0.46604
6lki_A	6lki_B	1.0	0.14438
6u08_A	6u08_B	1.0	0.0041779
6ppj_A	6ppj_B	1.0	0.90863
6lb7_A	6lb7_B	1.0	0.007579
6psy_A	6psy_B	1.0	0.07609
6gzj_A	6gzj_B	1.0	0.011011
6u19_A	6u19_B	1.0	0.0041756
7ci2_A	7ci2_B	1.0	0.0046524
6um2_A	6um2_B	1.0	0.029045
7crb_A	7crb_B	1.0	0.0095295
7s4a_A	7s4a_B	1.0	0.85528
7e36_A	7e36_B	1.0	0.87463
7cyl_A	7cyl_B	1.0	0.0074891
6ggr_A	6ggr_B	1.0	0.064358
7t7i_A	7t7i_B	1.0	0.3785
6tri_A	6tri_B	1.0	0.0041729
6ski_A	6ski_B	1.0	0.0072588
6j08_A	6j08_B	1.0	0.0041727
7c7s_A	7c7s_B	1.0	0.71216
6zeg_A	6zeg_B	1.0	0.86039
6w3h_A	6w3h_B	1.0	0.075163
6nus_A	6nus_B	1.0	0.57266
6oqj_A	6oqj_B	1.0	0.28204
6gh8_A	6gh8_B	1.0	0.0041727
6arq_A	6arq_B	1.0	0.0041729
6onb_A	6onb_B	1.0	0.0041727
6c90_A	6c90_B	1.0	0.01007
6vhh_A	6vhh_B	1.0	0.0049364
6imf_A	6imf_B	1.0	0.004221
6pnp_A	6pnp_B	1.0	0.0075364
6ivu_A	6ivu_B	1.0	0.0044616
6saz_A	6saz_B	1.0	0.0082571
6yub_A	6yub_B	1.0	0.98014
6r3v_A	6r3v_B	1.0	0.31593
7m4m_A	7m4m_B	1.0	0.69378
6h02_A	6h02_B	1.0	0.1217
7lc1_A	7lc1_B	1.0	0.10769
6mgn_A	6mgn_B	1.0	0.0042281
6s08_A	6s08_B	1.0	0.0041724
6zh1_A	6zh1_B	1.0	0.0045731
6d0h_A	6d0h_B	1.0	0.04003
7v8f_A	7v8f_B	1.0	0.95577
5yvj_A	5yvj_B	1.0	0.0041725
7w0c_A	7w0c_B	1.0	0.62296
7f69_A	7f69_B	1.0	0.0041745
6zbk_A	6zbk_B	1.0	0.015958
7qih_A	7qih_B	1.0	0.0041733
7jtu_A	7jtu_B	1.0	0.49666
6fc0_A	6fc0_B	1.0	0.0041798
6rrk_A	6rrk_B	1.0	0.49458
6dfl_A	6dfl_B	1.0	0.0041727
7lkq_A	7lkq_B	1.0	0.0041736
6ch3_A	6ch3_B	1.0	0.10691
7bu5_A	7bu5_B	1.0	0.88152
7qe5_A	7qe5_B	1.0	0.0046584
6zdt_A	6zdt_B	1.0	0.96443
6isc_A	6isc_B	1.0	0.0041732
6pfj_A	6pfj_B	1.0	0.49774
6xf1_A	6xf1_B	1.0	0.013714
6ygu_A	6ygu_B	1.0	0.004173
6dt7_A	6dt7_B	1.0	0.089606
6z1v_A	6z1v_B	1.0	0.0042121
6zl1_A	6zl1_B	1.0	0.0077135
7fiw_A	7fiw_B	1.0	0.061008
6hv8_A	6hv8_B	1.0	0.01249
6igx_A	6igx_B	1.0	0.062173
6w9s_A	6w9s_B	1.0	0.52948
6i6j_A	6i6j_B	1.0	0.004172
6qtb_A	6qtb_B	1.0	0.0041751
7nz9_A	7nz9_B	1.0	0.9326
7n1j_A	7n1j_B	1.0	0.004176
6xgz_A	6xgz_B	1.0	0.0041728
6j4p_A	6j4p_B	1.0	0.0041772
6kgc_A	6kgc_B	1.0	0.004218
6y32_A	6y32_B	1.0	0.02884
7slq_A	7slq_B	1.0	0.21396
7s9v_A	7s9v_B	1.0	0.0097071
7m5f_A	7m5f_B	1.0	0.0041764
6qj3_A	6qj3_B	1.0	0.23479
6wc3_A	6wc3_B	1.0	0.49866
6yrk_A	6yrk_B	1.0	0.78854
6rm9_A	6rm9_B	1.0	0.096719
7dhg_A	7dhg_B	1.0	0.49811
7ov9_A	7ov9_B	1.0	0.92405
7pqg_A	7pqg_B	1.0	0.0042447
6ovm_A	6ovm_B	1.0	0.0041738
6sxa_A	6sxa_B	1.0	0.88386
7f4p_A	7f4p_B	1.0	0.49687
6v6b_A	6v6b_B	1.0	0.83374
6j07_A	6j07_B	1.0	0.0041756
6gtq_A	6gtq_B	1.0	0.0098161
6lqo_A	6lqo_B	1.0	0.93155
7vrc_A	7vrc_B	1.0	0.0041745
6xm1_A	6xm1_B	1.0	0.7959
7n88_A	7n88_B	1.0	0.011098
6c9m_A	6c9m_B	1.0	0.061875
6epk_A	6epk_B	1.0	0.0058641
5z5o_A	5z5o_B	1.0	0.23924
6l4p_A	6l4p_B	1.0	0.0041734
7a67_A	7a67_B	1.0	0.004276
7s02_A	7s02_B	1.0	0.0041751
6yu8_A	6yu8_B	1.0	0.0041734
7vgg_A	7vgg_B	1.0	0.38468
6oau_A	6oau_B	1.0	0.0041795
7d2t_A	7d2t_B	1.0	0.0041736
7jzk_A	7jzk_B	1.0	0.0041736
6yxq_A	6yxq_B	1.0	0.92598
7e2h_A	7e2h_B	1.0	0.0053022
6o7b_A	6o7b_B	1.0	0.96862
5ywr_A	5ywr_B	1.0	0.79947
7kug_A	7kug_B	1.0	0.0041924
6qu1_A	6qu1_B	1.0	0.14297
6b4e_A	6b4e_B	1.0	0.0041751
6fnn_A	6fnn_B	1.0	0.0041773
6h2u_A	6h2u_B	1.0	0.4959
7pp2_A	7pp2_B	1.0	0.0041754
6urq_A	6urq_B	1.0	0.49676
6u0o_A	6u0o_B	1.0	0.0053889
7cui_A	7cui_B	1.0	0.0044064
6a6i_A	6a6i_B	1.0	0.0041798
7drt_A	7drt_B	1.0	0.075433
6ian_A	6ian_B	1.0	0.88102
7adk_A	7adk_B	1.0	0.65307
6qpq_A	6qpq_B	1.0	0.87178
6in7_A	6in7_B	1.0	0.49297
6l7r_A	6l7r_B	1.0	0.0055672
7q1u_A	7q1u_B	1.0	0.24408
7pku_A	7pku_B	1.0	0.0051688
6m49_A	6m49_B	1.0	0.0066633
7b0w_A	7b0w_B	1.0	0.077594
7nj1_A	7nj1_B	1.0	0.14893
6q83_A	6q83_B	1.0	0.95816
6jpl_A	6jpl_B	1.0	0.75318
6a2u_A	6a2u_B	1.0	0.016309
7mc5_A	7mc5_B	1.0	0.016264
6s9j_A	6s9j_B	1.0	0.0051303
5zfk_A	5zfk_B	1.0	0.93527
6tun_A	6tun_B	1.0	0.038565
7n3t_A	7n3t_B	1.0	0.0041744
6dxo_A	6dxo_B	1.0	0.49264
6yx5_A	6yx5_B	1.0	0.85659
6xod_A	6xod_B	1.0	0.49638
6i7s_A	6i7s_B	1.0	0.080203
6ymv_A	6ymv_B	1.0	0.053462
6ihj_A	6ihj_B	1.0	0.84474
6zie_A	6zie_B	1.0	0.17826
6dm9_A	6dm9_B	1.0	0.93245
6wmk_A	6wmk_B	1.0	0.51137
6a7t_A	6a7t_B	1.0	0.95925
6cp8_A	6cp8_B	1.0	0.4961
6bs3_A	6bs3_B	1.0	0.9279
7ru6_A	7ru6_B	1.0	0.011973
6fqb_A	6fqb_B	1.0	0.93087
7anq_A	7anq_B	1.0	0.0041798
7c96_A	7c96_B	1.0	0.0041775
7b2b_A	7b2b_B	1.0	0.0041737
5z51_A	5z51_B	1.0	0.92894
6xfl_A	6xfl_B	1.0	0.0047775
7vg7_A	7vg7_B	1.0	0.066958
7dym_A	7dym_B	1.0	0.49806
6ux2_A	6ux2_B	1.0	0.0056575
7k9n_A	7k9n_B	1.0	0.02669
6nyp_A	6nyp_B	1.0	0.0041745
6h9n_A	6h9n_B	1.0	0.75846
7dn8_A	7dn8_B	1.0	0.50007
7bwa_A	7bwa_B	1.0	0.021814
5wez_A	5wez_B	1.0	0.068796
6zsh_A	6zsh_B	1.0	0.0042087
7y6b_A	7y6b_B	1.0	0.004173
6osw_A	6osw_B	1.0	0.0041939
7el1_A	7el1_B	1.0	0.012642
6lsa_A	6lsa_B	1.0	0.0041734
6jzy_A	6jzy_B	1.0	0.49875
7kc4_A	7kc4_B	1.0	0.066064
7sde_A	7sde_B	1.0	0.28602
6m3i_A	6m3i_B	1.0	0.015329
7elc_A	7elc_B	1.0	0.029627
6xaw_A	6xaw_B	1.0	0.0041821
6jfv_A	6jfv_B	1.0	0.83658
6njd_A	6njd_B	1.0	0.65151
7k2v_A	7k2v_B	1.0	0.32656
7tcx_A	7tcx_B	1.0	0.49786
6xtd_A	6xtd_B	1.0	0.13754
7ta3_A	7ta3_B	1.0	0.0041735
6cp9_A	6cp9_B	1.0	0.0041752
6rpt_A	6rpt_B	1.0	0.32763
7bhf_A	7bhf_B	1.0	0.0041735
6ifo_A	6ifo_B	1.0	0.68897
7fdo_A	7fdo_B	1.0	0.0041731
5z5k_A	5z5k_B	1.0	0.0041737
7vsi_A	7vsi_B	1.0	0.49737
7jrd_A	7jrd_B	1.0	0.01552
7cn7_A	7cn7_B	1.0	0.65641
6ms4_A	6ms4_B	1.0	0.0041889
7l3l_A	7l3l_B	1.0	0.75949
6p7m_A	6p7m_B	1.0	0.026256
6x61_A	6x61_B	1.0	0.0044822
6g4j_A	6g4j_B	1.0	0.29369
6k8k_A	6k8k_B	1.0	0.0041936
6i1d_A	6i1d_B	1.0	0.80308
5xqz_A	5xqz_B	1.0	0.0041835
6npy_A	6npy_B	1.0	0.34319
6teo_A	6teo_B	1.0	0.0073403
6pgv_A	6pgv_B	1.0	0.0042003
6o38_A	6o38_B	1.0	0.28855
6hgc_A	6hgc_B	1.0	0.90497
7pi6_A	7pi6_B	1.0	0.0063263
7enh_A	7enh_B	1.0	0.49391
6sn1_A	6sn1_B	1.0	0.89683
5zq3_A	5zq3_B	1.0	0.64606
7k3s_A	7k3s_B	1.0	0.15277
6q00_A	6q00_B	1.0	0.00421
6mhf_A	6mhf_B	1.0	0.0041751
6djl_A	6djl_B	1.0	0.44997
6j0y_A	6j0y_B	1.0	0.0042166
7qla_A	7qla_B	1.0	0.0095527
6gho_A	6gho_B	1.0	0.021235
6h4b_A	6h4b_B	1.0	0.79218
6jt1_A	6jt1_B	1.0	0.84379
7vkb_A	7vkb_B	1.0	0.92546
6qup_A	6qup_B	1.0	0.030778
6oqq_A	6oqq_B	1.0	0.49915
7nkz_A	7nkz_B	1.0	0.01328
7ep7_A	7ep7_B	1.0	0.0041727
7n1n_A	7n1n_B	1.0	0.0041739
6vax_A	6vax_B	1.0	0.53763
6eby_A	6eby_B	1.0	0.0041722
7b2i_A	7b2i_B	1.0	0.92405
6nep_A	6nep_B	1.0	0.010102
7dnn_A	7dnn_B	1.0	0.49794
7n0e_A	7n0e_B	1.0	0.0041723
6dre_A	6dre_B	1.0	0.007089
6j5w_A	6j5w_B	1.0	0.19528
6bw9_A	6bw9_B	1.0	0.004172
6w2l_A	6w2l_B	1.0	0.9586
7eqx_A	7eqx_B	1.0	0.0044302
6e2q_A	6e2q_B	1.0	0.0041732
7shq_A	7shq_B	1.0	0.0042296
6p4w_A	6p4w_B	1.0	0.45494
6lbu_A	6lbu_B	1.0	0.1454
6f7j_A	6f7j_B	1.0	0.4971
7a1i_A	7a1i_B	1.0	0.0041733
7rt7_A	7rt7_B	1.0	0.13992
6rtw_A	6rtw_B	1.0	0.0041723
6jhw_A	6jhw_B	1.0	0.0042112
6l8g_A	6l8g_B	1.0	0.0041756
6ire_A	6ire_B	1.0	0.0041728
6rzo_A	6rzo_B	1.0	0.86071
6ox6_A	6ox6_B	1.0	0.0041773
6vu8_A	6vu8_B	1.0	0.14307
6ae8_A	6ae8_B	1.0	0.74254
6ibb_A	6ibb_B	1.0	0.0041722
7oix_A	7oix_B	1.0	0.0048126
7vcr_A	7vcr_B	1.0	0.0041733
6rmn_A	6rmn_B	1.0	0.52413
6xzu_A	6xzu_B	1.0	0.013477
7acw_A	7acw_B	1.0	0.0041732
6m7y_A	6m7y_B	1.0	0.040738
6jjw_A	6jjw_B	1.0	0.84651
7e40_A	7e40_B	1.0	0.004173
7kjh_A	7kjh_B	1.0	0.0041806
7kl5_A	7kl5_B	1.0	0.0042061
6y4l_A	6y4l_B	1.0	0.45096
7p14_A	7p14_B	1.0	0.0041725
5yr0_A	5yr0_B	1.0	0.004967
6r6m_A	6r6m_B	1.0	0.27032
6od1_A	6od1_B	1.0	0.85757
6ve5_A	6ve5_B	1.0	0.48568
6yt3_A	6yt3_B	1.0	0.88515
6w3i_A	6w3i_B	1.0	0.035688
7o2w_A	7o2w_B	1.0	0.016897
7dma_A	7dma_B	1.0	0.0041807
6thl_A	6thl_B	1.0	0.49754
7e1s_A	7e1s_B	1.0	0.98101
6w9r_A	6w9r_B	1.0	0.7586
7al7_A	7al7_B	1.0	0.0044858
6gxz_A	6gxz_B	1.0	0.0041737
6qsp_A	6qsp_B	1.0	0.010377
6vri_A	6vri_B	1.0	0.0041728
6ixq_A	6ixq_B	1.0	0.0041734
7sde_A	7sde_A	0.0	0.64941
6vu8_A	6vu8_A	0.0	0.20855
6gzj_A	6gzj_A	0.0	0.90422
5y2z_A	5y2z_A	0.0	0.67866
6lki_A	6lki_A	0.0	0.89381
6onb_A	6onb_A	0.0	0.0041806
6fc0_A	6fc0_A	0.0	0.94803
7dnn_A	7dnn_A	0.0	0.95324
6isc_A	6isc_A	0.0	0.023086
6u08_A	6u08_A	0.0	0.55983
6nep_A	6nep_A	0.0	0.84002
6xfl_A	6xfl_A	0.0	0.60502
6j5w_A	6j5w_A	0.0	0.87943
6ux2_A	6ux2_A	0.0	0.91089
6a2u_A	6a2u_A	0.0	0.9272
6pnp_A	6pnp_A	0.0	0.75512
6yx5_A	6yx5_A	0.0	0.9602
7vgg_A	7vgg_A	0.0	0.94593
7nz9_A	7nz9_A	0.0	0.37174
6wmk_A	6wmk_A	0.0	0.93795
6zdx_A	6zdx_A	0.0	0.88466
7qe5_A	7qe5_A	0.0	0.40055
7eqx_A	7eqx_A	0.0	0.96784
7enh_A	7enh_A	0.0	0.88769
7d2t_A	7d2t_A	0.0	0.9492
6cp8_A	6cp8_A	0.0	0.94933
6saz_A	6saz_A	0.0	0.13175
6lsa_A	6lsa_A	0.0	0.0042115
6c90_A	6c90_A	0.0	0.94294
7e36_A	7e36_A	0.0	0.94378
6oqj_A	6oqj_A	0.0	0.95317
6w3h_A	6w3h_A	0.0	0.77991
6hul_A	6hul_A	0.0	0.9637
7vsi_A	7vsi_A	0.0	0.87685
5zfk_A	5zfk_A	0.0	0.93466
6qsp_A	6qsp_A	0.0	0.93815
6y32_A	6y32_A	0.0	0.86936
6d0h_A	6d0h_A	0.0	0.88658
6oau_A	6oau_A	0.0	0.28465
7v8f_A	7v8f_A	0.0	0.43805
6osw_A	6osw_A	0.0	0.97383
7pqg_A	7pqg_A	0.0	0.98257
6jd6_A	6jd6_A	0.0	0.95484
7t7i_A	7t7i_A	0.0	0.88216
6nyp_A	6nyp_A	0.0	0.0041848
6f7j_A	6f7j_A	0.0	0.95016
6thl_A	6thl_A	0.0	0.92492
6teo_A	6teo_A	0.0	0.9218
7m4m_A	7m4m_A	0.0	0.79037
7ep7_A	7ep7_A	0.0	0.94682
6djl_A	6djl_A	0.0	0.97516
6bw9_A	6bw9_A	0.0	0.68309
6epk_A	6epk_A	0.0	0.59945
6cp9_A	6cp9_A	0.0	0.8604
7xoi_A	7xoi_A	0.0	0.88867
7k2v_A	7k2v_A	0.0	0.88622
7c7s_A	7c7s_A	0.0	0.91053
7e1s_A	7e1s_A	0.0	0.94886
6ifo_A	6ifo_A	0.0	0.92914
6yxj_A	6yxj_A	0.0	0.96565
7k3s_A	7k3s_A	0.0	0.25052
7mc5_A	7mc5_A	0.0	0.67905
6ae8_A	6ae8_A	0.0	0.88647
6zie_A	6zie_A	0.0	0.89703
6mud_A	6mud_A	0.0	0.21553
7n1n_A	7n1n_A	0.0	0.94854
6q83_A	6q83_A	0.0	0.47914
6l8g_A	6l8g_A	0.0	0.10132
6jle_A	6jle_A	0.0	0.13772
7kc4_A	7kc4_A	0.0	0.72193
6u0o_A	6u0o_A	0.0	0.82775
6h4b_A	6h4b_A	0.0	0.92297
6qpq_A	6qpq_A	0.0	0.88425
5z51_A	5z51_A	0.0	0.92881
6dm9_A	6dm9_A	0.0	0.96184
7cn7_A	7cn7_A	0.0	0.92194
7drt_A	7drt_A	0.0	0.51456
6jfv_A	6jfv_A	0.0	0.83846
6ms4_A	6ms4_A	0.0	0.74015
6xf1_A	6xf1_A	0.0	0.69682
6eby_A	6eby_A	0.0	0.87188
6zl1_A	6zl1_A	0.0	0.26675
6fnn_A	6fnn_A	0.0	0.33377
7n1j_A	7n1j_A	0.0	0.0086257
6vri_A	6vri_A	0.0	0.96431
6wud_A	6wud_A	0.0	0.90386
6xm1_A	6xm1_A	0.0	0.79737
6o7b_A	6o7b_A	0.0	0.8038
6gxz_A	6gxz_A	0.0	0.84877
6c5w_A	6c5w_A	0.0	0.93629
6jt1_A	6jt1_A	0.0	0.74126
7rt7_A	7rt7_A	0.0	0.69766
7y6b_A	7y6b_A	0.0	0.71948
6z1v_A	6z1v_A	0.0	0.92452
6ski_A	6ski_A	0.0	0.67379
7a1i_A	7a1i_A	0.0	0.96153
7qla_A	7qla_A	0.0	0.85256
6a6i_A	6a6i_A	0.0	0.96961
6sku_A	6sku_A	0.0	0.55418
7el1_A	7el1_A	0.0	0.92341
7b0w_A	7b0w_A	0.0	0.7393
6w9r_A	6w9r_A	0.0	0.1385
7al7_A	7al7_A	0.0	0.94617
6xtd_A	6xtd_A	0.0	0.97961
6ppj_A	6ppj_A	0.0	0.89885
7ta3_A	7ta3_A	0.0	0.0042782
7dn8_A	7dn8_A	0.0	0.8595
6c9m_A	6c9m_A	0.0	0.9258
7lc1_A	7lc1_A	0.0	0.75457
6ve5_A	6ve5_A	0.0	0.90843
6a7t_A	6a7t_A	0.0	0.94943
7a67_A	7a67_A	0.0	0.87715
7qih_A	7qih_A	0.0	0.844
6h2u_A	6h2u_A	0.0	0.94967
6nus_A	6nus_A	0.0	0.80722
7bhf_A	7bhf_A	0.0	0.95762
7dma_A	7dma_A	0.0	0.7536
6vax_A	6vax_A	0.0	0.91718
6m3i_A	6m3i_A	0.0	0.6658
7ev8_A	7ev8_A	0.0	0.75641
6zbk_A	6zbk_A	0.0	0.81354
7vkb_A	7vkb_A	0.0	0.95237
6qu1_A	6qu1_A	0.0	0.60984
5ywr_A	5ywr_A	0.0	0.96256
6rmn_A	6rmn_A	0.0	0.90841
5yvj_A	5yvj_A	0.0	0.9586
7n3t_A	7n3t_A	0.0	0.14588
6dt7_A	6dt7_A	0.0	0.90948
6ihj_A	6ihj_A	0.0	0.93248
6l7r_A	6l7r_A	0.0	0.91811
7kug_A	7kug_A	0.0	0.015328
7jrd_A	7jrd_A	0.0	0.748
6sn1_A	6sn1_A	0.0	0.77137
7s4a_A	7s4a_A	0.0	0.92403
6r3v_A	6r3v_A	0.0	0.65462
6hv8_A	6hv8_A	0.0	0.48155
6xzu_A	6xzu_A	0.0	0.0064572
7n88_A	7n88_A	0.0	0.83524
6kgc_A	6kgc_A	0.0	0.94721
7f69_A	7f69_A	0.0	0.017428
6ox6_A	6ox6_A	0.0	0.89227
7pku_A	7pku_A	0.0	0.83722
6p4w_A	6p4w_A	0.0	0.87496
6v9i_A	6v9i_A	0.0	0.58797
7b2b_A	7b2b_A	0.0	0.0062546
6p7m_A	6p7m_A	0.0	0.96199
6gtq_A	6gtq_A	0.0	0.78901
6m49_A	6m49_A	0.0	0.93246
7jzk_A	7jzk_A	0.0	0.0041727
7ryp_A	7ryp_A	0.0	0.90313
7jqd_A	7jqd_A	0.0	0.94299
7fdo_A	7fdo_A	0.0	0.89373
6xwx_A	6xwx_A	0.0	0.53095
6lqo_A	6lqo_A	0.0	0.89938
6p2r_A	6p2r_A	0.0	0.86886
6s9j_A	6s9j_A	0.0	0.92423
6xaw_A	6xaw_A	0.0	0.84022
6y4l_A	6y4l_A	0.0	0.92097
7q1u_A	7q1u_A	0.0	0.84157
6rtw_A	6rtw_A	0.0	0.75664
7oix_A	7oix_A	0.0	0.4334
7vcr_A	7vcr_A	0.0	0.0041783
6dxo_A	6dxo_A	0.0	0.82513
6ggr_A	6ggr_A	0.0	0.86961
6w9s_A	6w9s_A	0.0	0.56418
7kl5_A	7kl5_A	0.0	0.21553
6shx_A	6shx_A	0.0	0.90841
7s9v_A	7s9v_A	0.0	0.67967
6njd_A	6njd_A	0.0	0.3258
7n0e_A	7n0e_A	0.0	0.77668
7pp2_A	7pp2_A	0.0	0.77547
7anq_A	7anq_A	0.0	0.69418
6ovm_A	6ovm_A	0.0	0.69537
6mgn_A	6mgn_A	0.0	0.90967
6q00_A	6q00_A	0.0	0.11676
5zq3_A	5zq3_A	0.0	0.91361
6tun_A	6tun_A	0.0	0.90118
7c96_A	7c96_A	0.0	0.87509
7kfk_A	7kfk_A	0.0	0.0041718
6rm9_A	6rm9_A	0.0	0.97919
7jtu_A	7jtu_A	0.0	0.78328
7nqk_A	7nqk_A	0.0	0.93576
6tri_A	6tri_A	0.0	0.080382
6rrk_A	6rrk_A	0.0	0.83942
6jpl_A	6jpl_A	0.0	0.56207
7shq_A	7shq_A	0.0	0.59611
6ixq_A	6ixq_A	0.0	0.90722
6dre_A	6dre_A	0.0	0.22804
5oxz_A	5oxz_A	0.0	0.050946
7fiw_A	7fiw_A	0.0	0.67678
6b4e_A	6b4e_A	0.0	0.51458
6gho_A	6gho_A	0.0	0.97718
6yrk_A	6yrk_A	0.0	0.054778
5yr0_A	5yr0_A	0.0	0.57157
6h02_A	6h02_A	0.0	0.53962
6ian_A	6ian_A	0.0	0.93976
6imf_A	6imf_A	0.0	0.73167
5z5k_A	5z5k_A	0.0	0.0041729
7m5f_A	7m5f_A	0.0	0.21478
6ymv_A	6ymv_A	0.0	0.90337
7vg7_A	7vg7_A	0.0	0.66159
6r6m_A	6r6m_A	0.0	0.94867
6ygu_A	6ygu_A	0.0	0.76977
6bs3_A	6bs3_A	0.0	0.90659
6lpi_A	6lpi_A	0.0	0.9716
7crb_A	7crb_A	0.0	0.80654
7f4p_A	7f4p_A	0.0	0.079086
7pi6_A	7pi6_A	0.0	0.94793
6wc3_A	6wc3_A	0.0	0.39214
6w2l_A	6w2l_A	0.0	0.94125
7dym_A	7dym_A	0.0	0.92943
6u19_A	6u19_A	0.0	0.95308
7l3l_A	7l3l_A	0.0	0.86278
7o2w_A	7o2w_A	0.0	0.88554
6j07_A	6j07_A	0.0	0.80014
7cui_A	7cui_A	0.0	0.75009
5wez_A	5wez_A	0.0	0.94946
6qj3_A	6qj3_A	0.0	0.41663
7k9n_A	7k9n_A	0.0	0.86341
7adk_A	7adk_A	0.0	0.76877
6yt3_A	6yt3_A	0.0	0.90046
6g4j_A	6g4j_A	0.0	0.45976
6arq_A	6arq_A	0.0	0.0041731
6s08_A	6s08_A	0.0	0.028315
6dfl_A	6dfl_A	0.0	0.52363
6ibb_A	6ibb_A	0.0	0.88139
6ivu_A	6ivu_A	0.0	0.87623
6sxa_A	6sxa_A	0.0	0.84417
6yub_A	6yub_A	0.0	0.96527
6jjw_A	6jjw_A	0.0	0.89963
6mhf_A	6mhf_A	0.0	0.939
7wa4_A	7wa4_A	0.0	0.61336
6oqq_A	6oqq_A	0.0	0.68436
7nkz_A	7nkz_A	0.0	0.58944
6k8k_A	6k8k_A	0.0	0.93089
7tcx_A	7tcx_A	0.0	0.90896
6i6j_A	6i6j_A	0.0	0.87423
6w98_A	6w98_A	0.0	0.90401
5z5o_A	5z5o_A	0.0	0.92517
6zh1_A	6zh1_A	0.0	0.96935
7e2h_A	7e2h_A	0.0	0.56072
7s02_A	7s02_A	0.0	0.92515
7bwa_A	7bwa_A	0.0	0.84321
7tzh_A	7tzh_A	0.0	0.40541
5xqz_A	5xqz_A	0.0	0.9794
6gs2_A	6gs2_A	0.0	0.50936
6j08_A	6j08_A	0.0	0.01042
7dhg_A	7dhg_A	0.0	0.83471
6jzy_A	6jzy_A	0.0	0.87241
7e40_A	7e40_A	0.0	0.21363
6igx_A	6igx_A	0.0	0.83684
7kjh_A	7kjh_A	0.0	0.95529
6urq_A	6urq_A	0.0	0.91568
6zdt_A	6zdt_A	0.0	0.98177
6lb7_A	6lb7_A	0.0	0.92906
6zsh_A	6zsh_A	0.0	0.92486
7cyl_A	7cyl_A	0.0	0.23215
6xgz_A	6xgz_A	0.0	0.95454
6o38_A	6o38_A	0.0	0.86148
6in7_A	6in7_A	0.0	0.95848
6yxq_A	6yxq_A	0.0	0.93345
6npy_A	6npy_A	0.0	0.60285
7b2i_A	7b2i_A	0.0	0.93596
7p14_A	7p14_A	0.0	0.86599
7ay0_A	7ay0_A	0.0	0.8656
6p4o_A	6p4o_A	0.0	0.91013
6qup_A	6qup_A	0.0	0.011617
6rzo_A	6rzo_A	0.0	0.87923
6rpt_A	6rpt_A	0.0	0.9283
6x61_A	6x61_A	0.0	0.89869
6zeg_A	6zeg_A	0.0	0.96228
6hgc_A	6hgc_A	0.0	0.82781
7tj4_A	7tj4_A	0.0	0.85737
6od1_A	6od1_A	0.0	0.8628
6pgv_A	6pgv_A	0.0	0.94665
7egt_A	7egt_A	0.0	0.91486
6gh8_A	6gh8_A	0.0	0.89987
6v6b_A	6v6b_A	0.0	0.85412
6psy_A	6psy_A	0.0	0.94493
6m7y_A	6m7y_A	0.0	0.87096
6jhw_A	6jhw_A	0.0	0.11859
7vrc_A	7vrc_A	0.0	0.061672
7slq_A	7slq_A	0.0	0.83348
7ci2_A	7ci2_A	0.0	0.89161
6lbu_A	6lbu_A	0.0	0.75207
6qtb_A	6qtb_A	0.0	0.90166
7ov9_A	7ov9_A	0.0	0.93596
6pfj_A	6pfj_A	0.0	0.87778
6xod_A	6xod_A	0.0	0.43729
6ire_A	6ire_A	0.0	0.96415
6j0y_A	6j0y_A	0.0	0.71833
6j4p_A	6j4p_A	0.0	0.93948
7acw_A	7acw_A	0.0	0.10128
6epg_A	6epg_A	0.0	0.86701
7ubz_A	7ubz_A	0.0	0.07778
6yu8_A	6yu8_A	0.0	0.95337
7lkq_A	7lkq_A	0.0	0.91419
6l4p_A	6l4p_A	0.0	0.95171
6w3i_A	6w3i_A	0.0	0.87659
6h9n_A	6h9n_A	0.0	0.67199
7bu5_A	7bu5_A	0.0	0.9434
6ch3_A	6ch3_A	0.0	0.85763
6ygu_B	6ygu_B	0.0	0.93569
7cn7_B	7cn7_B	0.0	0.95601
6lsa_B	6lsa_B	0.0	0.88177
6jzy_B	6jzy_B	0.0	0.94908
7f69_B	7f69_B	0.0	0.40317
6zdx_B	6zdx_B	0.0	0.9383
7drt_B	7drt_B	0.0	0.73409
6xaw_B	6xaw_B	0.0	0.0063421
6jle_B	6jle_B	0.0	0.57221
6u08_B	6u08_B	0.0	0.86874
7vkb_B	7vkb_B	0.0	0.88518
6pfj_B	6pfj_B	0.0	0.82626
7s4a_B	7s4a_B	0.0	0.48326
6vax_B	6vax_B	0.0	0.89724
6osw_B	6osw_B	0.0	0.89947
6qtb_B	6qtb_B	0.0	0.041901
7y6b_B	7y6b_B	0.0	0.95647
6p7m_B	6p7m_B	0.0	0.95725
7s9v_B	7s9v_B	0.0	0.55847
7kug_B	7kug_B	0.0	0.081898
6q83_B	6q83_B	0.0	0.92457
6j07_B	6j07_B	0.0	0.12543
6qup_B	6qup_B	0.0	0.018947
7q1u_B	7q1u_B	0.0	0.94505
6vu8_B	6vu8_B	0.0	0.94656
6xf1_B	6xf1_B	0.0	0.30118
6yx5_B	6yx5_B	0.0	0.91744
6igx_B	6igx_B	0.0	0.62728
6gs2_B	6gs2_B	0.0	0.95822
7k3s_B	7k3s_B	0.0	0.92717
6dre_B	6dre_B	0.0	0.9375
6nyp_B	6nyp_B	0.0	0.50053
7n88_B	7n88_B	0.0	0.84736
6fnn_B	6fnn_B	0.0	0.79427
6mhf_B	6mhf_B	0.0	0.0042539
6rzo_B	6rzo_B	0.0	0.86652
7n0e_B	7n0e_B	0.0	0.0041771
6yxj_B	6yxj_B	0.0	0.91356
6wc3_B	6wc3_B	0.0	0.94553
7jzk_B	7jzk_B	0.0	0.9658
6zie_B	6zie_B	0.0	0.75542
6tri_B	6tri_B	0.0	0.68422
6s08_B	6s08_B	0.0	0.83821
6jt1_B	6jt1_B	0.0	0.88132
6djl_B	6djl_B	0.0	0.95288
7e36_B	7e36_B	0.0	0.73291
6qsp_B	6qsp_B	0.0	0.85678
6lki_B	6lki_B	0.0	0.90927
7t7i_B	7t7i_B	0.0	0.95066
7el1_B	7el1_B	0.0	0.12714
7w0c_B	7w0c_B	0.0	0.89862
6eby_B	6eby_B	0.0	0.94529
6yrk_B	6yrk_B	0.0	0.39468
6oau_B	6oau_B	0.0	0.46069
6dt7_B	6dt7_B	0.0	0.81161
6m49_B	6m49_B	0.0	0.47417
6gzj_B	6gzj_B	0.0	0.15719
6zdt_B	6zdt_B	0.0	0.94677
7v8f_B	7v8f_B	0.0	0.56009
7shq_B	7shq_B	0.0	0.22727
6w3i_B	6w3i_B	0.0	0.94476
7b2i_B	7b2i_B	0.0	0.92936
7bu5_B	7bu5_B	0.0	0.92618
6b4e_B	6b4e_B	0.0	0.43644
6cp9_B	6cp9_B	0.0	0.27736
6um2_B	6um2_B	0.0	0.9551
7acw_B	7acw_B	0.0	0.23463
6xm1_B	6xm1_B	0.0	0.79295
7n1j_B	7n1j_B	0.0	0.13755
6x61_B	6x61_B	0.0	0.97189
6rtw_B	6rtw_B	0.0	0.64383
6in7_B	6in7_B	0.0	0.80022
6h4b_B	6h4b_B	0.0	0.88323
7e2h_B	7e2h_B	0.0	0.377
6wmk_B	6wmk_B	0.0	0.72246
7dn8_B	7dn8_B	0.0	0.98695
6j5w_B	6j5w_B	0.0	0.32463
6thl_B	6thl_B	0.0	0.41529
6bw9_B	6bw9_B	0.0	0.33658
6wud_B	6wud_B	0.0	0.094273
6gh8_B	6gh8_B	0.0	0.084852
6yxq_B	6yxq_B	0.0	0.9253
6gtq_B	6gtq_B	0.0	0.76455
7cyl_B	7cyl_B	0.0	0.0042119
7oix_B	7oix_B	0.0	0.79093
7ru6_B	7ru6_B	0.0	0.8003
6fc0_B	6fc0_B	0.0	0.56508
6h9n_B	6h9n_B	0.0	0.93169
6yt3_B	6yt3_B	0.0	0.95699
7mop_B	7mop_B	0.0	0.62126
7n1n_B	7n1n_B	0.0	0.16896
7a1i_B	7a1i_B	0.0	0.098099
7a67_B	7a67_B	0.0	0.91498
6zl1_B	6zl1_B	0.0	0.79202
6npy_B	6npy_B	0.0	0.85339
6o38_B	6o38_B	0.0	0.76647
6kgc_B	6kgc_B	0.0	0.694
6hul_B	6hul_B	0.0	0.9148
7tj4_B	7tj4_B	0.0	0.17193
6qj3_B	6qj3_B	0.0	0.71745
7xoi_B	7xoi_B	0.0	0.82447
6j4p_B	6j4p_B	0.0	0.015837
7s02_B	7s02_B	0.0	0.10606
6g4j_B	6g4j_B	0.0	0.94559
6k8k_B	6k8k_B	0.0	0.097243
6imf_B	6imf_B	0.0	0.65433
6w9s_B	6w9s_B	0.0	0.1385
7kc4_B	7kc4_B	0.0	0.70341
6zbk_B	6zbk_B	0.0	0.89384
7nz9_B	7nz9_B	0.0	0.62302
6pgv_B	6pgv_B	0.0	0.11467
6yu8_B	6yu8_B	0.0	0.9449
6ibb_B	6ibb_B	0.0	0.7511
7f4p_B	7f4p_B	0.0	0.1288
7fdo_B	7fdo_B	0.0	0.0041855
7rt7_B	7rt7_B	0.0	0.029781
6arq_B	6arq_B	0.0	0.51665
7pku_B	7pku_B	0.0	0.95877
6u19_B	6u19_B	0.0	0.90432
6qpq_B	6qpq_B	0.0	0.78257
5y2z_B	5y2z_B	0.0	0.89425
7nqk_B	7nqk_B	0.0	0.95808
6hgc_B	6hgc_B	0.0	0.93129
6ox6_B	6ox6_B	0.0	0.41146
6a6i_B	6a6i_B	0.0	0.11659
6xwx_B	6xwx_B	0.0	0.83531
6jd6_B	6jd6_B	0.0	0.95481
7b0w_B	7b0w_B	0.0	0.76266
6i7s_B	6i7s_B	0.0	0.83998
6ovm_B	6ovm_B	0.0	0.32821
7tcx_B	7tcx_B	0.0	0.61689
7k9n_B	7k9n_B	0.0	0.52957
6c90_B	6c90_B	0.0	0.20009
7d2t_B	7d2t_B	0.0	0.0041737
7jrd_B	7jrd_B	0.0	0.86178
6lbu_B	6lbu_B	0.0	0.48952
5z51_B	5z51_B	0.0	0.90239
7k2v_B	7k2v_B	0.0	0.72409
7vg7_B	7vg7_B	0.0	0.97506
7dnn_B	7dnn_B	0.0	0.90588
6v9i_B	6v9i_B	0.0	0.70253
6dm9_B	6dm9_B	0.0	0.94143
7pw9_B	7pw9_B	0.0	0.95015
6psy_B	6psy_B	0.0	0.662
6oqj_B	6oqj_B	0.0	0.84763
6e2q_B	6e2q_B	0.0	0.6339
7dhg_B	7dhg_B	0.0	0.81483
7dym_B	7dym_B	0.0	0.32413
6urq_B	6urq_B	0.0	0.0086537
7qla_B	7qla_B	0.0	0.20656
7ubz_B	7ubz_B	0.0	0.83079
7elc_B	7elc_B	0.0	0.58557
6rmn_B	6rmn_B	0.0	0.9011
6i6j_B	6i6j_B	0.0	0.0044721
7m5f_B	7m5f_B	0.0	0.90947
6c9m_B	6c9m_B	0.0	0.96196
6f7j_B	6f7j_B	0.0	0.69444
6w2l_B	6w2l_B	0.0	0.81709
6saz_B	6saz_B	0.0	0.43294
7nj1_B	7nj1_B	0.0	0.044128
6sku_B	6sku_B	0.0	0.93047
6od1_B	6od1_B	0.0	0.46063
6p4w_B	6p4w_B	0.0	0.64643
6lb7_B	6lb7_B	0.0	0.86903
7ov9_B	7ov9_B	0.0	0.92936
6ymv_B	6ymv_B	0.0	0.90408
7kl5_B	7kl5_B	0.0	0.4164
6v6b_B	6v6b_B	0.0	0.6186
6r6m_B	6r6m_B	0.0	0.79678
6p2r_B	6p2r_B	0.0	0.91996
6m3i_B	6m3i_B	0.0	0.48364
6dxo_B	6dxo_B	0.0	0.34104
6shx_B	6shx_B	0.0	0.84691
5z5o_B	5z5o_B	0.0	0.60514
6zyy_B	6zyy_B	0.0	0.50378
7p14_B	7p14_B	0.0	0.89568
6jpl_B	6jpl_B	0.0	0.80673
6rm9_B	6rm9_B	0.0	0.91224
7adk_B	7adk_B	0.0	0.17621
6ch3_B	6ch3_B	0.0	0.90246
6sxa_B	6sxa_B	0.0	0.94891
6nep_B	6nep_B	0.0	0.28057
6w3h_B	6w3h_B	0.0	0.83918
6onb_B	6onb_B	0.0	0.0041731
6tun_B	6tun_B	0.0	0.77219
7enh_B	7enh_B	0.0	0.12714
7tzh_B	7tzh_B	0.0	0.005022
6xzu_B	6xzu_B	0.0	0.75283
7pp2_B	7pp2_B	0.0	0.60046
6m7y_B	6m7y_B	0.0	0.0044772
7l3l_B	7l3l_B	0.0	0.86106
6w9r_B	6w9r_B	0.0	0.96527
6a2u_B	6a2u_B	0.0	0.93959
7bhf_B	7bhf_B	0.0	0.01861
7mc5_B	7mc5_B	0.0	0.92176
6hv8_B	6hv8_B	0.0	0.8513
7dma_B	7dma_B	0.0	0.5884
5yvj_B	5yvj_B	0.0	0.089676
6zh1_B	6zh1_B	0.0	0.5894
6epk_B	6epk_B	0.0	0.96241
6u0o_B	6u0o_B	0.0	0.94513
7cui_B	7cui_B	0.0	0.13609
7ryp_B	7ryp_B	0.0	0.82993
5zfk_B	5zfk_B	0.0	0.93508
7o2w_B	7o2w_B	0.0	0.8764
7ci2_B	7ci2_B	0.0	0.0042708
7crb_B	7crb_B	0.0	0.68706
5ywr_B	5ywr_B	0.0	0.9231
6lpi_B	6lpi_B	0.0	0.8281
7lc1_B	7lc1_B	0.0	0.65131
6ae8_B	6ae8_B	0.0	0.85814
6p4o_B	6p4o_B	0.0	0.7848
6ifo_B	6ifo_B	0.0	0.91893
6y32_B	6y32_B	0.0	0.96762
6ire_B	6ire_B	0.0	0.90366
7ay0_B	7ay0_B	0.0	0.90012
7egt_B	7egt_B	0.0	0.0041969
7qe5_B	7qe5_B	0.0	0.84743
6ihj_B	6ihj_B	0.0	0.91092
6njd_B	6njd_B	0.0	0.91309
6w98_B	6w98_B	0.0	0.8649
6sn1_B	6sn1_B	0.0	0.79097
6jhw_B	6jhw_B	0.0	0.46322
6l4p_B	6l4p_B	0.0	0.97422
6fqb_B	6fqb_B	0.0	0.89427
6ski_B	6ski_B	0.0	0.89724
7anq_B	7anq_B	0.0	0.98176
6ggr_B	6ggr_B	0.0	0.87311
7jtu_B	7jtu_B	0.0	0.079149
6r3v_B	6r3v_B	0.0	0.97307
7vsi_B	7vsi_B	0.0	0.84007
6rpt_B	6rpt_B	0.0	0.93998
7e1s_B	7e1s_B	0.0	0.95291
6yub_B	6yub_B	0.0	0.97076
5oxz_B	5oxz_B	0.0	0.25059
6jjw_B	6jjw_B	0.0	0.046401
5zq3_B	5zq3_B	0.0	0.17186
6xfl_B	6xfl_B	0.0	0.74436
6ppj_B	6ppj_B	0.0	0.87971
6j0y_B	6j0y_B	0.0	0.50148
6epg_B	6epg_B	0.0	0.36309
5yr0_B	5yr0_B	0.0	0.88726
7ta3_B	7ta3_B	0.0	0.82863
7al7_B	7al7_B	0.0	0.9629
6h02_B	6h02_B	0.0	0.0067473
6l8g_B	6l8g_B	0.0	0.68685
7b2b_B	7b2b_B	0.0	0.90758
7jqd_B	7jqd_B	0.0	0.17889
5xqz_B	5xqz_B	0.0	0.91296
6gho_B	6gho_B	0.0	0.86568
6ve5_B	6ve5_B	0.0	0.4142
6ixq_B	6ixq_B	0.0	0.0042127
6zeg_B	6zeg_B	0.0	0.94774
6xod_B	6xod_B	0.0	0.89407
5z5k_B	5z5k_B	0.0	0.0050118
6vhh_B	6vhh_B	0.0	0.75838
7lkq_B	7lkq_B	0.0	0.026117
6pnp_B	6pnp_B	0.0	0.79871
6vri_B	6vri_B	0.0	0.85058
7oik_B	7oik_B	0.0	0.70589
6l7r_B	6l7r_B	0.0	0.9396
6j08_B	6j08_B	0.0	0.48529
6ivu_B	6ivu_B	0.0	0.96708
6ux2_B	6ux2_B	0.0	0.6626
6lqo_B	6lqo_B	0.0	0.8777
6s9j_B	6s9j_B	0.0	0.33338
6gxz_B	6gxz_B	0.0	0.82477
6isc_B	6isc_B	0.0	0.004206
7m4m_B	7m4m_B	0.0	0.11676
7bwa_B	7bwa_B	0.0	0.61446
7sde_B	7sde_B	0.0	0.80656
6rrk_B	6rrk_B	0.0	0.035152
7kfk_B	7kfk_B	0.0	0.97416
7c7s_B	7c7s_B	0.0	0.8896
7kjh_B	7kjh_B	0.0	0.63663
7e40_B	7e40_B	0.0	0.93233
6d0h_B	6d0h_B	0.0	0.88704
6dfl_B	6dfl_B	0.0	0.9062
6i1d_B	6i1d_B	0.0	0.088206
6zsh_B	6zsh_B	0.0	0.6244
6cp8_B	6cp8_B	0.0	0.8602
6ian_B	6ian_B	0.0	0.70994
7c96_B	7c96_B	0.0	0.0043249
6mgn_B	6mgn_B	0.0	0.89647
6a7t_B	6a7t_B	0.0	0.79615
6h2u_B	6h2u_B	0.0	0.89601
7ep7_B	7ep7_B	0.0	0.30803
6oqq_B	6oqq_B	0.0	0.75582
6qu1_B	6qu1_B	0.0	0.79745
6ms4_B	6ms4_B	0.0	0.44692
6xgz_B	6xgz_B	0.0	0.95914
7qih_B	7qih_B	0.0	0.95073
7vrc_B	7vrc_B	0.0	0.92707
6xtd_B	6xtd_B	0.0	0.67685
7ev8_B	7ev8_B	0.0	0.12351
7pi6_B	7pi6_B	0.0	0.87429
6nus_B	6nus_B	0.0	0.95606
6bs3_B	6bs3_B	0.0	0.9201
7eqx_B	7eqx_B	0.0	0.89929
6o7b_B	6o7b_B	0.0	0.65085
6c5w_B	6c5w_B	0.0	0.0041739
6mud_B	6mud_B	0.0	0.94498
7pqg_B	7pqg_B	0.0	0.066362
6jfv_B	6jfv_B	0.0	0.92313
6teo_B	6teo_B	0.0	0.12027
7n3t_B	7n3t_B	0.0	0.91092
6y4l_B	6y4l_B	0.0	0.92179
5wez_B	5wez_B	0.0	0.75797
7wa4_B	7wa4_B	0.0	0.95136
6z1v_B	6z1v_B	0.0	0.0042235
6q00_B	6q00_B	0.0	0.86762
7kpo_A	6qvf_B	0.0	0.016471
6iu5_A	6g3b_B	0.0	0.49429
6w40_A	6l6w_B	0.0	0.49745
7f40_A	6j5w_B	0.0	0.0066325
6jza_A	7p5c_B	0.0	0.0069461
6ghc_A	6j07_B	0.0	0.0041747
6xod_A	7ru6_B	0.0	0.016124
7arr_A	6t4r_B	0.0	0.004367
6lki_A	6cp9_B	0.0	0.21476
6s33_A	7emy_B	0.0	0.010341
7tze_A	6saz_B	0.0	0.012662
7bze_A	6tdm_B	0.0	0.0041767
6qtb_A	6zb8_B	0.0	0.49898
6pwk_A	6qlc_B	0.0	0.0041778
5zke_A	6ju8_B	0.0	0.0087468
6w6b_A	6f1e_B	0.0	0.0041736
6fqb_A	6dlo_B	0.0	0.49937
7mc5_A	6pal_B	0.0	0.0057933
6vd9_A	7pjo_B	0.0	0.0042012
6b4e_A	6ij2_B	0.0	0.019658
6zsh_A	7vo4_B	0.0	0.0041734
6l6w_A	6kvr_B	0.0	0.0061625
6jhu_A	6r60_B	0.0	0.49819
6eko_A	7feo_B	0.0	0.0041729
6za2_A	6bsu_B	0.0	0.0041812
6san_A	6n4x_B	0.0	0.094813
7ep3_A	7jw6_B	0.0	0.023906
7e0w_A	6wbe_B	0.0	0.0043421
6w3h_A	6q40_B	0.0	0.048414
6lta_A	5xll_B	0.0	0.0042297
7n34_A	7bhf_B	0.0	0.054791
7c64_A	6a7t_B	0.0	0.033979
7wwn_A	6dfd_B	0.0	0.015817
7b5w_A	6iak_B	0.0	0.0041929
6c30_A	6hxt_B	0.0	0.49673
7bgs_A	6l8v_B	0.0	0.070225
5yad_A	6hlk_B	0.0	0.16191
7dm0_A	6vvg_B	0.0	0.0041782
6juf_A	5xxz_B	0.0	0.014558
5xwe_A	6iya_B	0.0	0.0041786
7aex_A	6ox6_B	0.0	0.0042023
7d9m_A	6sku_B	0.0	0.0041733
6lk3_A	6ux2_B	0.0	0.0041789
7ry7_A	7ped_B	0.0	0.016248
6omi_A	6um2_B	0.0	0.0041744
6wao_A	6u1q_B	0.0	0.0077651
7bil_A	6zrw_B	0.0	0.49825
7c4o_A	6xm1_B	0.0	0.0073911
6o15_A	6mhf_B	0.0	0.0041737
7bhf_A	6sqj_B	0.0	0.0098758
7q6j_A	6k0w_B	0.0	0.25189
6tri_A	6hee_B	0.0	0.004178
7dtl_A	5zfk_B	0.0	0.0045627
6sa9_A	6gz0_B	0.0	0.49674
6ian_A	6kkn_B	0.0	0.96193
7e63_A	6juv_B	0.0	0.80475
6xf1_A	6l6g_B	0.0	0.019713
7p7w_A	6yf6_B	0.0	0.25352
6vbb_A	6wig_B	0.0	0.49724
6imf_A	7tjl_B	0.0	0.0079828
6wmk_A	6ltz_B	0.0	0.0041761
7c96_A	6q83_B	0.0	0.47289
6ve5_A	6x6f_B	0.0	0.056288
7epq_A	6f7l_B	0.0	0.036421
6qj6_A	6c30_B	0.0	0.039072
6h24_A	7tzh_B	0.0	0.0041731
5ykz_A	7e63_B	0.0	0.0041737
6swk_A	6jyk_B	0.0	0.0041726
6rtw_A	6dvu_B	0.0	0.0041746
6w9s_A	7c96_B	0.0	0.0042748
7d54_A	5xwe_B	0.0	0.004172
6x1l_A	6omi_B	0.0	0.04782
7p9p_A	6i1r_B	0.0	0.015078
6lpw_A	5ycz_B	0.0	0.025867
7wwb_A	7c7e_B	0.0	0.0058576
6dz6_A	6a29_B	0.0	0.49564
6l7r_A	6tdn_B	0.0	0.13299
7dym_A	6gup_B	0.0	0.49868
6a0n_A	7jzk_B	0.0	0.0041873
6fpd_A	7d9m_B	0.0	0.0042732
7kqu_A	6oid_B	0.0	0.014011
7ru6_A	7ci2_B	0.0	0.0041811
6um2_A	6zsh_B	0.0	0.0052384
6w08_A	6y86_B	0.0	0.70026
6sj8_A	6jfv_B	0.0	0.0042289
7bji_A	6wle_B	0.0	0.49577
7cfa_A	6n2m_B	0.0	0.83902
7vgg_A	6vhh_B	0.0	0.0083236
6lg2_A	7jl6_B	0.0	0.0041728
6mud_A	7vjn_B	0.0	0.0041923
6mn6_A	6q2z_B	0.0	0.49515
7lv3_A	7p7w_B	0.0	0.22656
6q83_A	7lji_B	0.0	0.0047645
6ifb_A	6n64_B	0.0	0.0041781
7c7s_A	7wsj_B	0.0	0.018163
6pc0_A	6e52_B	0.0	0.071358
7al7_A	7dnu_B	0.0	0.0041729
6dk7_A	6gto_B	0.0	0.0041734
6hul_A	6lb7_B	0.0	0.0041744
7ebs_A	6su3_B	0.0	0.012943
6i1d_A	7bbq_B	0.0	0.91795
6hxa_A	6jc4_B	0.0	0.0041733
6jq1_A	6cv7_B	0.0	0.0041757
6xaw_A	7pty_B	0.0	0.4989
6zbk_A	6jsx_B	0.0	0.0041725
6p1a_A	5xor_B	0.0	0.49571
6pqu_A	7lgu_B	0.0	0.0066708
6h2u_A	6o7b_B	0.0	0.49824
6ryi_A	6z4e_B	0.0	0.13756
6yt3_A	6lqo_B	0.0	0.0042017
7jwf_A	6ovm_B	0.0	0.0041725
6isc_A	6ns4_B	0.0	0.0086588
7slq_A	6wsm_B	0.0	0.0041787
6f5c_A	7dus_B	0.0	0.0042239
5z8b_A	6k5x_B	0.0	0.0041742
7pzg_A	7wbt_B	0.0	0.0072385
6xfl_A	6iwj_B	0.0	0.95199
7unl_A	7lc1_B	0.0	0.0052163
7n3t_A	5z8b_B	0.0	0.0041726
6r2f_A	6bn0_B	0.0	0.34218
6saz_A	7d2w_B	0.0	0.15009
6zdw_A	6a27_B	0.0	0.90801
6ty0_A	7dw5_B	0.0	0.49326
6ptg_A	6a4v_B	0.0	0.22109
7m1a_A	7o4e_B	0.0	0.43458
6ire_A	6l9u_B	0.0	0.49755
7m5f_A	7c64_B	0.0	0.49732
6hhb_A	6p7m_B	0.0	0.0066844
6l0t_A	6p7j_B	0.0	0.028425
6n2u_A	6za2_B	0.0	0.011096
6wlg_A	6ghs_B	0.0	0.85932
6ff6_A	6ptg_B	0.0	0.0063198
6efn_A	6w9z_B	0.0	0.0041734
6l5h_A	6vd9_B	0.0	0.004172
7r5y_A	6ire_B	0.0	0.060901
7kih_A	6zie_B	0.0	0.044238
6tvp_A	7c8f_B	0.0	0.010962
6iih_A	7rwm_B	0.0	0.30259
7vuk_A	5yox_B	0.0	0.0052734
7e4m_A	6pqx_B	0.0	0.0065262
6ig4_A	6lxx_B	0.0	0.0044775
6p4w_A	7qe5_B	0.0	0.0094183
7amk_A	6ok3_B	0.0	0.0091157
7bu5_A	7f8f_B	0.0	0.38009
6chj_A	6lzh_B	0.0	0.49914
7eme_A	6z0f_B	0.0	0.0069189
6h56_A	7pzg_B	0.0	0.036334
6gh8_A	6laf_B	0.0	0.004177
6thl_A	7jqe_B	0.0	0.0071197
6nb0_A	6z7o_B	0.0	0.0042399
6rnq_A	6s9j_B	0.0	0.037095
6jle_A	6kkt_B	0.0	0.0091344
5xyb_A	7ath_B	0.0	0.028493
7v6p_A	6ekr_B	0.0	0.42688
6sku_A	6dx5_B	0.0	0.8603
7vkb_A	6c9m_B	0.0	0.49855
6g4j_A	6xgz_B	0.0	0.06258
6jiw_A	6r2f_B	0.0	0.70062
7shq_A	6dk7_B	0.0	0.0041724
7edb_A	7m0q_B	0.0	0.89709
5yeu_A	7da9_B	0.0	0.0055074
7drj_A	7lu4_B	0.0	0.19926
7k3h_A	6tp9_B	0.0	0.94291
7jsk_A	6l7r_B	0.0	0.019907
6ra0_A	7msk_B	0.0	0.49826
6hat_A	5ztm_B	0.0	0.013458
6xmb_A	6p8p_B	0.0	0.14169
6dk9_A	7cym_B	0.0	0.0041754
6eyx_A	6jl9_B	0.0	0.013665
6ket_A	6d6y_B	0.0	0.44933
7eih_A	7r65_B	0.0	0.0079736
7cym_A	6npy_B	0.0	0.0041738
6lul_A	7e2h_B	0.0	0.0049964
6vu8_A	6lj9_B	0.0	0.0070349
7p5c_A	6vzf_B	0.0	0.016267
6oib_A	6kri_B	0.0	0.011963
6epk_A	7f9i_B	0.0	0.060563
6lkx_A	7vwt_B	0.0	0.065321
6l8a_A	7trv_B	0.0	0.49736
6cgo_A	5wd6_B	0.0	0.34967
6r23_A	7m1a_B	0.0	0.020333
6hee_A	6ff6_B	0.0	0.0041742
7q97_A	6i7s_B	0.0	0.0086913
6g6s_A	7a1i_B	0.0	0.0041724
6t4r_A	6h7a_B	0.0	0.0089611
6ptl_A	6m7y_B	0.0	0.0041723
6h6o_A	5y0t_B	0.0	0.0041728
5wec_A	7tkv_B	0.0	0.49857
6hzk_A	6ve5_B	0.0	0.49068
6d1p_A	5ya6_B	0.0	0.0070319
7lji_A	6iuf_B	0.0	0.0041727
6cmk_A	6eko_B	0.0	0.86008
6q00_A	6e2q_B	0.0	0.9499
6wxo_A	6sib_B	0.0	0.0044507
6a2w_A	5xp0_B	0.0	0.0041736
7n0z_A	7ae6_B	0.0	0.68817
6ggr_A	7aex_B	0.0	0.39764
6bsu_A	6fxr_B	0.0	0.48053
6jhv_A	7poh_B	0.0	0.0041733
6g70_A	7nf7_B	0.0	0.005267
6gg2_A	7anq_B	0.0	0.004173
7crn_A	6dj3_B	0.0	0.49804
6a2u_A	6j52_B	0.0	0.31207
6kd6_A	6xgw_B	0.0	0.25146
6fg9_A	6ihj_B	0.0	0.037679
6v9i_A	6dxo_B	0.0	0.49865
7e4j_A	7s4a_B	0.0	0.0041725
7tae_A	6mxv_B	0.0	0.4982
6mwl_A	7os7_B	0.0	0.0041733
6vyi_A	6z1v_B	0.0	0.0041723
7a0m_A	6mn6_B	0.0	0.0093736
7dw5_A	6qu1_B	0.0	0.0041737
6k88_A	7edb_B	0.0	0.021672
6sxa_A	5zke_B	0.0	0.54383
6f1e_A	7dtl_B	0.0	0.0042913
7nz9_A	7vkx_B	0.0	0.0059207
6u2u_A	6yge_B	0.0	0.13781
7kfk_A	6fxa_B	0.0	0.008582
6dm9_A	6ty0_B	0.0	0.46427
7pi6_A	6v42_B	0.0	0.0092243
6siz_A	7rtu_B	0.0	0.013963
7t8o_A	6sa7_B	0.0	0.038197
7bbq_A	5wez_B	0.0	0.0041738
6xtd_A	7y6b_B	0.0	0.0041736
7r65_A	7f7c_B	0.0	0.060888
6zpm_A	6g8w_B	0.0	0.0043597
6cmv_A	7e36_B	0.0	0.49814
6y4l_A	6z7a_B	0.0	0.0067716
6hbz_A	6f7j_B	0.0	0.29327
7wbt_A	5yjc_B	0.0	0.24233
6ibb_A	6v4v_B	0.0	0.004406
6oid_A	7d2t_B	0.0	0.004175
6w98_A	7b1l_B	0.0	0.41548
6hlk_A	7c23_B	0.0	0.49644
6lf2_A	6xzu_B	0.0	0.0041749
7f7p_A	6tv2_B	0.0	0.49699
7p56_A	5zq3_B	0.0	0.032734
6dxr_A	7ocs_B	0.0	0.13844
7f9h_A	7n3t_B	0.0	0.0041732
6wcu_A	7jw2_B	0.0	0.0041729
5z5k_A	6lnd_B	0.0	0.004174
5z2h_A	7c5z_B	0.0	0.0041734
6nqz_A	6pc0_B	0.0	0.017823
6a57_A	6m6s_B	0.0	0.0041727
6gxz_A	6ian_B	0.0	0.0041727
7ep5_A	6tri_B	0.0	0.0041722
6qvp_A	6oaw_B	0.0	0.28043
5wd6_A	6uv8_B	0.0	0.51419
7c8f_A	6hzk_B	0.0	0.011364
6ny5_A	7os5_B	0.0	0.010645
7vfo_A	7drt_B	0.0	0.0067777
7msk_A	6bs3_B	0.0	0.49931
6mgv_A	7eev_B	0.0	0.0050084
6leb_A	7vrc_B	0.0	0.0041897
5xp0_A	6oqq_B	0.0	0.0041985
6vz0_A	7rt7_B	0.0	0.0041763
6p3x_A	6njd_B	0.0	0.25119
7dl3_A	7vkb_B	0.0	0.49708
7zjc_A	7ep5_B	0.0	0.054904
6mg0_A	6ttl_B	0.0	0.017701
6j3a_A	6y1y_B	0.0	0.49866
6lac_A	6z26_B	0.0	0.0041748
7oc3_A	6owd_B	0.0	0.0041863
7ess_A	6nk3_B	0.0	0.49764
6e52_A	6xtd_B	0.0	0.013974
6fnn_A	6ki2_B	0.0	0.043827
6gu1_A	6pqn_B	0.0	0.0041726
7c23_A	6ty2_B	0.0	0.0041773
7a67_A	7dhg_B	0.0	0.0041732
7d62_A	6qwo_B	0.0	0.15444
7ut4_A	7zcv_B	0.0	0.20926
6z3n_A	6ptl_B	0.0	0.49727
6i1a_A	6k31_B	0.0	0.0046864
7adk_A	6lke_B	0.0	0.0046128
6p1e_A	7ubz_B	0.0	0.004179
7vu7_A	6gxz_B	0.0	0.0041817
6owd_A	6whp_B	0.0	0.0041778
6ltp_A	6x1l_B	0.0	0.006789
6vbk_A	6pgv_B	0.0	0.56964
6npy_A	6qti_B	0.0	0.86185
6jl9_A	6u19_B	0.0	0.0042362
6ski_A	6pqu_B	0.0	0.0079545
7dxy_A	7vpu_B	0.0	0.080465
6fju_A	7el1_B	0.0	0.0044986
6nz4_A	7vu5_B	0.0	0.49489
6pce_A	7nza_B	0.0	0.13352
6k5g_A	7ep7_B	0.0	0.0041732
7f4p_A	6xb6_B	0.0	0.040686
6vwo_A	6a4t_B	0.0	0.02197
6fcx_A	6xrb_B	0.0	0.036171
7os7_A	7n34_B	0.0	0.0041942
6h7a_A	6nx3_B	0.0	0.0041742
5xor_A	6za0_B	0.0	0.14165
6ulw_A	6vyi_B	0.0	0.036422
6o14_A	6efw_B	0.0	0.13822
7ajl_A	6fh1_B	0.0	0.29466
6j0y_A	8dgg_B	0.0	0.49948
6otn_A	7t7i_B	0.0	0.49472
6jie_A	6ivu_B	0.0	0.48908
6s3k_A	6vax_B	0.0	0.0083074
6gz0_A	5z5o_B	0.0	0.0041796
5w6l_A	6sul_B	0.0	0.048936
6a29_A	5yo8_B	0.0	0.021806
6bw9_A	7ct3_B	0.0	0.74522
6u0o_A	6fco_B	0.0	0.0048973
6tgp_A	7drg_B	0.0	0.060808
6laf_A	7qla_B	0.0	0.0073126
7vu5_A	7tb6_B	0.0	0.0041739
5zq3_A	6w08_B	0.0	0.0049436
7r9g_A	7dtr_B	0.0	0.03425
7oar_A	5y4g_B	0.0	0.63506
6hfg_A	7cma_B	0.0	0.33834
7qb9_A	6m31_B	0.0	0.0061562
6qla_A	7vfo_B	0.0	0.014011
5xvj_A	7qyd_B	0.0	0.49882
6e8a_A	6qm2_B	0.0	0.017825
6p2r_A	6cgo_B	0.0	0.0057236
6nk3_A	6dre_B	0.0	0.0042436
7jqe_A	7sj2_B	0.0	0.021227
7drt_A	6fp5_B	0.0	0.0047001
6x2d_A	7bze_B	0.0	0.97343
6kgc_A	7oix_B	0.0	0.0049384
7el6_A	6v9i_B	0.0	0.97405
6dre_A	6xor_B	0.0	0.0041724
7ntf_A	6qla_B	0.0	0.35064
6ty2_A	7el6_B	0.0	0.0042045
7mzy_A	6a56_B	0.0	0.0066574
6si6_A	6eyx_B	0.0	0.87527
6ox6_A	5xsw_B	0.0	0.0053941
6zl1_A	5xyb_B	0.0	0.0044327
6lgx_A	6u8t_B	0.0	0.0042672
7asv_A	6hq2_B	0.0	0.028824
5yvj_A	7b5w_B	0.0	0.025755
5zh8_A	7zjc_B	0.0	0.011941
5ywr_A	6sid_B	0.0	0.84807
6vij_A	7cfa_B	0.0	0.49812
6jpl_A	7k9n_B	0.0	0.0043543
6ys4_A	6nb0_B	0.0	0.0041766
6ymv_A	6c5d_B	0.0	0.37711
7p14_A	7vuk_B	0.0	0.60216
6v4v_A	7jsk_B	0.0	0.0054777
7m0q_A	7eqx_B	0.0	0.0041792
6nnw_A	6mbi_B	0.0	0.0041872
6snz_A	6arq_B	0.0	0.0084422
6f03_A	6k6l_B	0.0	0.011607
6m6q_A	6l8a_B	0.0	0.0091
6i6u_A	7jrd_B	0.0	0.014891
6qj3_A	6k5s_B	0.0	0.10285
6wig_A	6n7o_B	0.0	0.0041735
6njd_A	7f20_B	0.0	0.026978
6tct_A	6lk7_B	0.0	0.0041799
7rt7_A	6jhu_B	0.0	0.015362
6awl_A	6dz6_B	0.0	0.027149
6hgc_A	6yf5_B	0.0	0.2606
6klh_A	6mx1_B	0.0	0.2724
6cpd_A	7pi6_B	0.0	0.49719
7o2w_A	6hhb_B	0.0	0.010014
6arq_A	6fcx_B	0.0	0.0041729
6wk3_A	7d54_B	0.0	0.0050617
6gf6_A	6yxe_B	0.0	0.004235
7sde_A	6f5c_B	0.0	0.014342
6yex_A	6ecw_B	0.0	0.0085382
7dbl_A	7eih_B	0.0	0.0086476
6mvu_A	6h2u_B	0.0	0.49885
6jvv_A	7f4p_B	0.0	0.49853
6ipw_A	6hqz_B	0.0	0.010449
7ocs_A	5z51_B	0.0	0.016464
6hiu_A	6zl1_B	0.0	0.004351
6o5k_A	6if6_B	0.0	0.17908
6vgo_A	7b2b_B	0.0	0.0041782
6sgf_A	7bgm_B	0.0	0.49679
7egt_A	6ro6_B	0.0	0.49554
7e36_A	6otn_B	0.0	0.004174
7anq_A	7kjh_B	0.0	0.034439
7bgm_A	6l3q_B	0.0	0.51294
7u8t_A	6ubl_B	0.0	0.0064204
6l8g_A	6nep_B	0.0	0.0041765
7rmx_A	6hwl_B	0.0	0.012535
6kju_A	7oc5_B	0.0	0.025485
7lgu_A	7jqd_B	0.0	0.0043898
7sr6_A	6jtz_B	0.0	0.72827
6z7a_A	7n1n_B	0.0	0.06289
6u1q_A	6noy_B	0.0	0.004193
6r80_A	7v2v_B	0.0	0.004194
5mlq_A	6nyp_B	0.0	0.006507
6jt1_A	6onb_B	0.0	0.4987
6sul_A	6x2d_B	0.0	0.0041726
6cqo_A	7e0w_B	0.0	0.0054333
7voj_A	6abr_B	0.0	0.012658
6al9_A	6uxq_B	0.0	0.015855
7fdo_A	6tvp_B	0.0	0.036193
6ytu_A	6djl_B	0.0	0.0042849
6xig_A	6r80_B	0.0	0.049389
6d6y_A	7f2f_B	0.0	0.49851
7dfe_A	6awl_B	0.0	0.41853
6ugk_A	6nz4_B	0.0	0.08881
6z0f_A	6ltp_B	0.0	0.14191
7agw_A	6a6i_B	0.0	0.46189
6ok3_A	7dvr_B	0.0	0.4986
6b9o_A	6x61_B	0.0	0.087642
6jkg_A	7jwf_B	0.0	0.019631
7trv_A	6wcu_B	0.0	0.0041742
6h40_A	6ibb_B	0.0	0.0041726
6whp_A	6rm9_B	0.0	0.0041738
5ydd_A	6oht_B	0.0	0.85704
7tuk_A	6k17_B	0.0	0.025369
6np6_A	7duf_B	0.0	0.0042385
6npl_A	7s02_B	0.0	0.004174
6fan_A	7kc4_B	0.0	0.0044294
6efw_A	7tj4_B	0.0	0.89967
7rwm_A	7l6g_B	0.0	0.0049053
6zdu_A	6c5w_B	0.0	0.0041726
6sws_A	6k38_B	0.0	0.0041763
6zh1_A	7dns_B	0.0	0.49393
7nza_A	6xwx_B	0.0	0.0041734
6vri_A	7r9g_B	0.0	0.0041726
6ur7_A	6qj3_B	0.0	0.0041732
6yqq_A	7m5f_B	0.0	0.0041767
6yub_A	7unl_B	0.0	0.0055888
6oau_A	6m10_B	0.0	0.13813
6ymn_A	7kih_B	0.0	0.0041903
6eby_A	6epk_B	0.0	0.0041741
7ocz_A	7b6b_B	0.0	0.0041782
7os5_A	6khy_B	0.0	0.13855
7n0l_A	6ig4_B	0.0	0.0061659
6a27_A	7oc3_B	0.0	0.72605
6lb7_A	7p14_B	0.0	0.0062443
7v8f_A	6hhk_B	0.0	0.0044682
5znm_A	5xqz_B	0.0	0.086535
6zdt_A	6eg7_B	0.0	0.45226
6oaw_A	6u7l_B	0.0	0.82783
6u08_A	6bqc_B	0.0	0.027097
6tek_A	6wc3_B	0.0	0.49691
6e2q_A	6pwk_B	0.0	0.4994
6zdx_A	6qeq_B	0.0	0.0041726
6dhv_A	6t4d_B	0.0	0.13858
7zcv_A	6kju_B	0.0	0.49848
6ygu_A	6kd6_B	0.0	0.0041826
7e8r_A	6p40_B	0.0	0.087824
7w0c_A	6i5b_B	0.0	0.0041731
6tgz_A	6ygu_B	0.0	0.0041726
7dus_A	7oyk_B	0.0	0.68754
6st4_A	7cbs_B	0.0	0.0045123
6lpi_A	7l49_B	0.0	0.075886
6iz2_A	6zts_B	0.0	0.0063856
7jl6_A	7cjn_B	0.0	0.0041999
6y1y_A	6k4e_B	0.0	0.0041729
6riu_A	6i6j_B	0.0	0.0041724
6s08_A	5zc3_B	0.0	0.14012
6qeq_A	6xfl_B	0.0	0.0044711
6ncs_A	6zdu_B	0.0	0.0041727
6w9z_A	6l4p_B	0.0	0.0041769
6fpf_A	7tzv_B	0.0	0.80035
6zi1_A	6vwo_B	0.0	0.0041794
6x61_A	6r6m_B	0.0	0.0041782
6psy_A	6abs_B	0.0	0.014862
6mag_A	7nto_B	0.0	0.0041725
6vhy_A	6lkx_B	0.0	0.035992
6k17_A	6rk1_B	0.0	0.0041726
7ccb_A	6fc0_B	0.0	0.004196
7vrc_A	6thl_B	0.0	0.4965
7oom_A	7dnn_B	0.0	0.0041757
7cui_A	6liy_B	0.0	0.021624
5w4a_A	7lh6_B	0.0	0.83977
5yjc_A	5xsv_B	0.0	0.011393
7jrd_A	6tgz_B	0.0	0.74791
7tb6_A	6san_B	0.0	0.49747
6lzh_A	7kpo_B	0.0	0.0041772
6abs_A	7b2i_B	0.0	0.48217
6m3i_A	6lgx_B	0.0	0.0050346
7qvb_A	6g7b_B	0.0	0.087273
6kvr_A	7m96_B	0.0	0.036034
5od9_A	6o5k_B	0.0	0.0041826
6nqy_A	7f9j_B	0.0	0.0041762
6xz3_A	7e4j_B	0.0	0.48172
6ifo_A	7qb9_B	0.0	0.0047466
6k38_A	5yeu_B	0.0	0.015759
6uxu_A	7bcb_B	0.0	0.08067
7bqg_A	6nqy_B	0.0	0.016904
5ztm_A	6w40_B	0.0	0.92941
7vpu_A	6r23_B	0.0	0.50909
6kkt_A	6eqo_B	0.0	0.0043659
7jx6_A	6yk8_B	0.0	0.037302
6m4f_A	6riu_B	0.0	0.013953
6p40_A	6ign_B	0.0	0.0041722
6kri_A	6jhv_B	0.0	0.49843
7d34_A	6h9n_B	0.0	0.0041729
6z1v_A	6kgc_B	0.0	0.0041776
6c6n_A	6ije_B	0.0	0.092139
6ttl_A	7s0r_B	0.0	0.01986
6jtz_A	6vd8_B	0.0	0.0041741
6liy_A	7enh_B	0.0	0.0092582
6qlc_A	7ryp_B	0.0	0.036463
7cjn_A	7v2s_B	0.0	0.0041759
5y7d_A	6lf2_B	0.0	0.0041741
7nb0_A	6c90_B	0.0	0.0041914
6l4p_A	5z2h_B	0.0	0.0041726
6njy_A	7wwf_B	0.0	0.49845
7vfk_A	7v8f_B	0.0	0.011887
7cyl_A	6jg8_B	0.0	0.46794
7cff_A	7kug_B	0.0	0.060346
7s9v_A	6k88_B	0.0	0.03751
7f7c_A	6zdx_B	0.0	0.49914
6zts_A	6ymv_B	0.0	0.84682
6khy_A	7stl_B	0.0	0.0047049
7twa_A	6ppj_B	0.0	0.0046238
6xl1_A	6jqy_B	0.0	0.004174
6zrw_A	7pp2_B	0.0	0.0045283
5ytq_A	6cqo_B	0.0	0.90413
6m10_A	6gg2_B	0.0	0.49793
6za0_A	6m6q_B	0.0	0.49868
7al1_A	6kew_B	0.0	0.0041729
6vvg_A	7tuk_B	0.0	0.012584
6ju8_A	6jhw_B	0.0	0.0071481
7v2s_A	6p74_B	0.0	0.016102
7c67_A	6vu8_B	0.0	0.0056988
7br1_A	7bp3_B	0.0	0.0074276
6dkk_A	6nag_B	0.0	0.0058681
6eys_A	6snz_B	0.0	0.0041765
6j4d_A	6jie_B	0.0	0.0041727
6c5d_A	6okh_B	0.0	0.0044462
6u0i_A	7v4o_B	0.0	0.49611
7ag9_A	6l2w_B	0.0	0.97701
7t8i_A	7u2s_B	0.0	0.0041746
6iwj_A	7crn_B	0.0	0.0041731
7lq2_A	6u0o_B	0.0	0.0041827
7ovp_A	7cik_B	0.0	0.043553
6fdm_A	6ymn_B	0.0	0.0041737
6a4t_A	6b4e_B	0.0	0.004173
6l6g_A	6mgn_B	0.0	0.49234
7mrj_A	6rmn_B	0.0	0.49571
7dhg_A	7l2a_B	0.0	0.014253
6iak_A	6bw9_B	0.0	0.0041737
7dut_A	5ykz_B	0.0	0.0041733
6qsp_A	7bu5_B	0.0	0.004173
6dvu_A	6h56_B	0.0	0.049358
5yox_A	6yjb_B	0.0	0.13852
7rrm_A	5ywr_B	0.0	0.0051011
7e40_A	6rpt_B	0.0	0.0041734
6juv_A	7o61_B	0.0	0.051755
6gtq_A	5yet_B	0.0	0.010732
6nx5_A	6sj8_B	0.0	0.004175
6jqy_A	7tcx_B	0.0	0.0041852
6ghs_A	6s3k_B	0.0	0.0050504
6gzj_A	7rmx_B	0.0	0.21252
6grs_A	6qup_B	0.0	0.0044466
7vjo_A	7e8r_B	0.0	0.067523
6zeg_A	7asv_B	0.0	0.94929
6yf6_A	6ra0_B	0.0	0.037277
6fh4_A	6jle_B	0.0	0.0041761
7lh6_A	7czg_B	0.0	0.0041739
7kv7_A	6jbd_B	0.0	0.49875
7o7a_A	6fhg_B	0.0	0.01627
6qvf_A	6hgc_B	0.0	0.0041952
6l9u_A	7jtu_B	0.0	0.061014
6cv7_A	6jd6_B	0.0	0.0079953
6u7l_A	7k3s_B	0.0	0.49705
6imj_A	6z3n_B	0.0	0.4987
6ixq_A	6ch3_B	0.0	0.96141
6a7s_A	6yxj_B	0.0	0.014584
6dfl_A	7mwa_B	0.0	0.49892
6xfj_A	7oik_B	0.0	0.85252
7lre_A	7a0m_B	0.0	0.022765
6hxt_A	6i1d_B	0.0	0.10181
6j5w_A	7tze_B	0.0	0.48671
6nus_A	6g70_B	0.0	0.5985
6nep_A	6dhv_B	0.0	0.4991
6yxa_A	6wb3_B	0.0	0.49449
7d2t_A	6o6y_B	0.0	0.86003
6ki2_A	6w9s_B	0.0	0.93474
7f8f_A	6izv_B	0.0	0.42938
6mgn_A	7kv7_B	0.0	0.004205
7enh_A	6jsd_B	0.0	0.021711
6c5w_A	7e1s_B	0.0	0.49603
6a6i_A	6h8f_B	0.0	0.010141
7qyd_A	6bk4_B	0.0	0.010923
7po9_A	5yvj_B	0.0	0.004174
6a7t_A	6e8a_B	0.0	0.0042449
7n1j_A	6tl8_B	0.0	0.0041733
7f20_A	6e12_B	0.0	0.0062132
6jfv_A	6hlu_B	0.0	0.15477
6ro6_A	6h24_B	0.0	0.0041747
6gto_A	6c3r_B	0.0	0.49139
6yjb_A	6zeg_B	0.0	0.49477
7o4f_A	6gf6_B	0.0	0.0041911
6tjd_A	7vfk_B	0.0	0.0041723
5yek_A	6osw_B	0.0	0.0041735
6a56_A	6g2g_B	0.0	0.4979
6rs4_A	6hcz_B	0.0	0.49832
7r4m_A	6ryd_B	0.0	0.0041834
6qaj_A	7bwa_B	0.0	0.018739
7mrm_A	7dm0_B	0.0	0.35101
6vd8_A	6j8l_B	0.0	0.0041789
7poh_A	6g4j_B	0.0	0.0042205
7nlh_A	6ixq_B	0.0	0.0041772
6l2w_A	7voj_B	0.0	0.060687
6k31_A	6v6b_B	0.0	0.0069311
7ci2_A	6g6s_B	0.0	0.4965
7b2i_A	7n0e_B	0.0	0.004172
7vuf_A	5zes_B	0.0	0.022247
6ovm_A	7slq_B	0.0	0.9498
7dvr_A	6zyy_B	0.0	0.0091591
6k6l_A	6rfg_B	0.0	0.81141
7s0r_A	6v45_B	0.0	0.0042371
6f7l_A	6l8g_B	0.0	0.49725
5yet_A	6sxa_B	0.0	0.97458
6d3v_A	6siz_B	0.0	0.49897
7she_A	7jjv_B	0.0	0.13852
7q1u_A	6lhs_B	0.0	0.005756
7ev8_A	7eqb_B	0.0	0.0042346
6le1_A	6shx_B	0.0	0.49571
6r60_A	6lac_B	0.0	0.49726
6eqo_A	6xaw_B	0.0	0.49886
7s02_A	7ntf_B	0.0	0.47239
7nkz_A	6ft5_B	0.0	0.017297
6pqn_A	6c0g_B	0.0	0.019932
6bs3_A	6l0t_B	0.0	0.4986
6kun_A	6sm4_B	0.0	0.0041758
7o5y_A	7ry7_B	0.0	0.0041763
6r3v_A	7oom_B	0.0	0.03132
6w9r_A	6nf4_B	0.0	0.01066
6ux2_A	6in7_B	0.0	0.095681
7eqb_A	6r3v_B	0.0	0.0041737
6yfi_A	7ovp_B	0.0	0.49795
6rrk_A	7dbl_B	0.0	0.060846
6ohi_A	6hfg_B	0.0	0.4963
6i5b_A	6sbw_B	0.0	0.0041728
6u19_A	6eys_B	0.0	0.0042187
7ay0_A	7c0q_B	0.0	0.82298
5zes_A	6qpk_B	0.0	0.0041722
6wb3_A	7dwm_B	0.0	0.004849
6noy_A	6zpm_B	0.0	0.0041905
5y0t_A	6r6u_B	0.0	0.49939
6vax_A	7rtm_B	0.0	0.0054172
7tcx_A	7m4m_B	0.0	0.0041726
7e1s_A	7ppp_B	0.0	0.0041729
6j9r_A	7p9k_B	0.0	0.49867
6r6u_A	6n63_B	0.0	0.0096651
7drg_A	6r5j_B	0.0	0.0041739
6cbc_A	7po9_B	0.0	0.42159
7rtm_A	6j6f_B	0.0	0.0054403
7jw2_A	6grs_B	0.0	0.004173
7oc5_A	7wa4_B	0.0	0.60888
6h59_A	7n0l_B	0.0	0.22081
6pkh_A	6nqz_B	0.0	0.0060942
7bwa_A	6uxu_B	0.0	0.004576
6pbd_A	6isk_B	0.0	0.0041728
5nl6_A	6yxq_B	0.0	0.51528
7msl_A	6fpd_B	0.0	0.020083
7blf_A	7fdo_B	0.0	0.0041726
7l6g_A	7mzy_B	0.0	0.012861
6vzy_A	6r22_B	0.0	0.0087517
6ij2_A	6tct_B	0.0	0.49656
6y86_A	6a57_B	0.0	0.0043887
7ta3_A	6oau_B	0.0	0.0041872
7ppp_A	6o14_B	0.0	0.0041739
7lht_A	7k2v_B	0.0	0.0082854
8dgg_A	7wkw_B	0.0	0.0041732
5yo8_A	7p56_B	0.0	0.0048543
6igx_A	6yrk_B	0.0	0.0044004
7kjh_A	6j38_B	0.0	0.0041734
6fxr_A	7dxy_B	0.0	0.0041746
7ofl_A	6yu8_B	0.0	0.0041727
7ryp_A	6j4d_B	0.0	0.49762
6v7u_A	6xl1_B	0.0	0.49597
6hsd_A	7pqg_B	0.0	0.027995
6n7o_A	6f03_B	0.0	0.0042144
7k9n_A	5zmu_B	0.0	0.0055341
6pfj_A	6lk3_B	0.0	0.0041729
6o2u_A	6jza_B	0.0	0.0050787
7cu9_A	7crb_B	0.0	0.0042588
6f7j_A	6jvv_B	0.0	0.022186
6mhf_A	6lki_B	0.0	0.013382
7nf7_A	6yjd_B	0.0	0.062719
6gdj_A	7l3l_B	0.0	0.0041804
7dtr_A	6si6_B	0.0	0.051454
6j38_A	6pbd_B	0.0	0.0068599
6dxo_A	6fjw_B	0.0	0.49697
7b1l_A	6ohi_B	0.0	0.083817
6dfd_A	6juf_B	0.0	0.49879
7ath_A	5nl6_B	0.0	0.18055
6g8w_A	6st4_B	0.0	0.015506
6shx_A	6isc_B	0.0	0.004174
6onw_A	7o4f_B	0.0	0.076727
6c90_A	7ncy_B	0.0	0.36136
6jc4_A	7msl_B	0.0	0.49554
6gs2_A	6xz3_B	0.0	0.0043118
6iqt_A	7qvb_B	0.0	0.77163
6jg8_A	7a67_B	0.0	0.017047
7c4h_A	7dym_B	0.0	0.49841
6c9m_A	6dkk_B	0.0	0.18085
6sqj_A	7epa_B	0.0	0.13553
7xoi_A	6cmk_B	0.0	0.068847
6vpe_A	6sgf_B	0.0	0.13714
6gh3_A	5oxz_B	0.0	0.4966
7sj2_A	6oib_B	0.0	0.025368
7p9k_A	6w98_B	0.0	0.49765
7tkv_A	6igv_B	0.0	0.49869
7lkq_A	6fju_B	0.0	0.0041731
6y7f_A	6u08_B	0.0	0.010835
6lqo_A	7nlh_B	0.0	0.74415
7ae6_A	7f40_B	0.0	0.0067833
6epg_A	7c4h_B	0.0	0.49402
6no6_A	6wku_B	0.0	0.0046761
6oqj_A	7nj1_B	0.0	0.0042173
7dqg_A	6s33_B	0.0	0.024291
6yxj_A	6yx5_B	0.0	0.94123
6dlo_A	6epg_B	0.0	0.11284
7mbw_A	6s0e_B	0.0	0.0064667
6fh1_A	6tp5_B	0.0	0.0041737
7s4a_A	6gzj_B	0.0	0.72011
6g1c_A	7jrk_B	0.0	0.32101
6u6r_A	6iu5_B	0.0	0.0051202
6xla_A	7al1_B	0.0	0.0041733
6i6j_A	6igx_B	0.0	0.25354
7f9i_A	7duv_B	0.0	0.48941
6fhg_A	6gcv_B	0.0	0.49544
6in7_A	6u81_B	0.0	0.0041722
6nx3_A	7rrm_B	0.0	0.036676
5ze7_A	6ny5_B	0.0	0.0041798
5y4g_A	6fpf_B	0.0	0.029502
5xsv_A	7bjg_B	0.0	0.0080007
7dma_A	7lqx_B	0.0	0.0041909
6abr_A	6y32_B	0.0	0.0054683
6c0g_A	6swk_B	0.0	0.004175
6dj3_A	6q00_B	0.0	0.0041749
7c7e_A	6dk9_B	0.0	0.49792
6djl_A	7o2w_B	0.0	0.019331
7ads_A	6mwl_B	0.0	0.0041745
6teo_A	6npc_B	0.0	0.01668
7cn7_A	6h4b_B	0.0	0.64971
6w3i_A	5w6l_B	0.0	0.008139
5wez_A	6u2u_B	0.0	0.0042133
6oht_A	7fh1_B	0.0	0.25294
7jzk_A	7duw_B	0.0	0.0041722
6lbu_A	6zdw_B	0.0	0.018971
6tgk_A	6jkg_B	0.0	0.0041775
6xzu_A	6rn5_B	0.0	0.4978
7y6b_A	6fan_B	0.0	0.0041748
6l2u_A	6tdd_B	0.0	0.0041775
6tp9_A	7n88_B	0.0	0.0048014
7lqx_A	6nx5_B	0.0	0.012523
7uh4_A	6cpd_B	0.0	0.49346
6lj9_A	6fde_B	0.0	0.1388
6sek_A	6aef_B	0.0	0.011227
6sbs_A	6u0i_B	0.0	0.82862
7l3l_A	6dfl_B	0.0	0.0041724
6v42_A	6p4o_B	0.0	0.13873
6tdd_A	6ski_B	0.0	0.21645
6e4h_A	6s08_B	0.0	0.004178
7fh1_A	7vsi_B	0.0	0.01265
6rmn_A	7e4m_B	0.0	0.63423
7vg7_A	7ta3_B	0.0	0.1293
6ohz_A	6lpi_B	0.0	0.49913
6v6b_A	6qpq_B	0.0	0.088052
6k5s_A	6xdc_B	0.0	0.0065279
6fqr_A	5od9_B	0.0	0.0041731
7f69_A	6e4h_B	0.0	0.0041747
6j07_A	7cn7_B	0.0	0.015281
7qoe_A	6tjd_B	0.0	0.0041731
6aik_A	6l85_B	0.0	0.0041743
6j4p_A	6cfy_B	0.0	0.49451
7pqg_A	6h02_B	0.0	0.95803
7feo_A	5wb4_B	0.0	0.0041731
5zle_A	6leb_B	0.0	0.081992
6g2g_A	7d62_B	0.0	0.64397
6nf4_A	7pku_B	0.0	0.0042336
7fdn_A	6lpw_B	0.0	0.018502
6mfo_A	6ahp_B	0.0	0.0041762
6g3b_A	7s03_B	0.0	0.49606
5xua_A	6nf3_B	0.0	0.0043446
6hv8_A	7qoe_B	0.0	0.0076054
7epa_A	5nzz_B	0.0	0.04847
6zie_A	6xmb_B	0.0	0.02622
6t4d_A	6oqj_B	0.0	0.0042168
7vcr_A	6zh1_B	0.0	0.0041723
7lga_A	6iqt_B	0.0	0.0041766
6wbe_A	6npl_B	0.0	0.0041912
5xsw_A	6dm9_B	0.0	0.013388
6nyp_A	7e40_B	0.0	0.0041784
6nki_A	6rtw_B	0.0	0.004173
6mbi_A	7txn_B	0.0	0.0041792
7k2v_A	7u8t_B	0.0	0.010599
6cfy_A	7o21_B	0.0	0.13953
7cf7_A	7lv3_B	0.0	0.025519
6wud_A	7ess_B	0.0	0.49671
6qu1_A	7bqg_B	0.0	0.0089478
6hhk_A	6np6_B	0.0	0.0056639
6dx5_A	6ipw_B	0.0	0.025982
7dns_A	7eme_B	0.0	0.49747
6xfu_A	7twa_B	0.0	0.0041766
6fln_A	7ksp_B	0.0	0.016845
7kl5_A	6db1_B	0.0	0.02528
7el1_A	6l5h_B	0.0	0.49893
7nxg_A	7al7_B	0.0	0.028029
6ign_A	7k3h_B	0.0	0.81517
6ivu_A	6jq1_B	0.0	0.0041772
6h02_A	7pw9_B	0.0	0.45005
6i7s_A	6tcb_B	0.0	0.0041737
6ahw_A	7o43_B	0.0	0.0072958
6lke_A	6mlu_B	0.0	0.0052016
6yge_A	7tae_B	0.0	0.0058293
7jjv_A	6d3v_B	0.0	0.0041728
7a1i_A	7dka_B	0.0	0.0041732
6fc0_A	6fdm_B	0.0	0.95881
6cp9_A	6o15_B	0.0	0.0041768
6l85_A	7k5n_B	0.0	0.49888
6h4b_A	6tun_B	0.0	0.0051167
6yxe_A	7r4m_B	0.0	0.0042564
7eft_A	6rnq_B	0.0	0.006648
7pp2_A	6dqx_B	0.0	0.0055473
7vwt_A	6s4q_B	0.0	0.0092278
6jbd_A	6wxo_B	0.0	0.037648
7kug_A	6yhh_B	0.0	0.49794
6j08_A	6ak3_B	0.0	0.0041938
7stl_A	7o7a_B	0.0	0.037631
7lgn_A	7aal_B	0.0	0.71415
6zdb_A	6gu1_B	0.0	0.48027
6o6y_A	7esw_B	0.0	0.49822
5zc3_A	6nwx_B	0.0	0.0054481
6bk4_A	7wwb_B	0.0	0.0054528
7cv7_A	6vij_B	0.0	0.062149
6ch3_A	7c4o_B	0.0	0.069176
6t88_A	6ifb_B	0.0	0.49821
7c6i_A	7o5y_B	0.0	0.0041886
6gyg_A	7ads_B	0.0	0.0042849
7o43_A	6tek_B	0.0	0.01042
6sbw_A	6d2w_B	0.0	0.0041787
7ov9_A	6o38_B	0.0	0.060971
6kkn_A	7ag9_B	0.0	0.0075402
5oxz_A	7wwn_B	0.0	0.0048709
6lk7_A	6teo_B	0.0	0.49504
6p7m_A	5xua_B	0.0	0.013442
6x6f_A	6vhy_B	0.0	0.49808
6ggo_A	7ov9_B	0.0	0.025392
6bxz_A	6k8k_B	0.0	0.0051443
6od1_A	6t0q_B	0.0	0.0041766
5zi6_A	7ls0_B	0.0	0.0041751
6k95_A	6rzo_B	0.0	0.49827
7jrk_A	6j08_B	0.0	0.0041754
6qm2_A	7amk_B	0.0	0.0077258
7f2f_A	6vzy_B	0.0	0.13867
6wmm_A	6i1a_B	0.0	0.013963
6bn0_A	6ncs_B	0.0	0.0041783
7dnn_A	6zdb_B	0.0	0.012728
6p8p_A	6kun_B	0.0	0.17875
6y32_A	7zal_B	0.0	0.49873
6aef_A	6o2u_B	0.0	0.088458
6cp8_A	6pfj_B	0.0	0.0042073
6z4e_A	7fdn_B	0.0	0.49173
7qe5_A	6ohz_B	0.0	0.0060409
7fcl_A	6y93_B	0.0	0.93924
7pjo_A	7arr_B	0.0	0.0041736
6k0w_A	6yex_B	0.0	0.043777
6ft5_A	6jt1_B	0.0	0.008492
6lnd_A	6klh_B	0.0	0.012424
7o21_A	6eby_B	0.0	0.0041721
6m7y_A	6aik_B	0.0	0.0050671
6k5x_A	6ya2_B	0.0	0.0041888
6su3_A	7vuf_B	0.0	0.0703
6c3r_A	7s69_B	0.0	0.0042311
7bjg_A	7dut_B	0.0	0.94383
6d0h_A	6wmk_B	0.0	0.0041771
6ije_A	6zbk_B	0.0	0.49181
6o7b_A	7q1u_B	0.0	0.0053605
6jsx_A	7she_B	0.0	0.004389
7esw_A	6imj_B	0.0	0.49814
5xqz_A	6njy_B	0.0	0.13772
6j52_A	7dqg_B	0.0	0.20493
7s03_A	6zdt_B	0.0	0.49441
6jyk_A	6hul_B	0.0	0.0041725
6nwx_A	6qsp_B	0.0	0.0041788
6pnp_A	6p4w_B	0.0	0.49849
6p66_A	6i6u_B	0.0	0.81273
6lsa_A	5yad_B	0.0	0.0041727
7ksp_A	7q97_B	0.0	0.0087463
7dnu_A	6vbk_B	0.0	0.052065
6j6f_A	7c5y_B	0.0	0.0066183
7b0w_A	7dl3_B	0.0	0.0041742
6npc_A	7cui_B	0.0	0.048358
6gho_A	7kl7_B	0.0	0.010516
6r5j_A	6ket_B	0.0	0.0041725
7wkw_A	7aed_B	0.0	0.0071137
6n64_A	6gho_B	0.0	0.036028
6z7o_A	6mvu_B	0.0	0.3327
6urq_A	7mrm_B	0.0	0.0055354
6wc3_A	6ae8_B	0.0	0.26402
6jzy_A	7rwk_B	0.0	0.49912
6tv2_A	6qtb_B	0.0	0.0041727
6xfi_A	6yqq_B	0.0	0.49934
6sa7_A	6xfi_B	0.0	0.49956
6l5j_A	7oar_B	0.0	0.49884
6uak_A	6pce_B	0.0	0.0041732
5y2z_A	6wao_B	0.0	0.013073
6yf5_A	7ofl_B	0.0	0.022536
6jhw_A	6le1_B	0.0	0.0041729
7rtu_A	6sn1_B	0.0	0.0049286
6iqe_A	6mg0_B	0.0	0.0041771
7k5n_A	7ai3_B	0.0	0.06558
7czg_A	7mc5_B	0.0	0.0041781
7bgf_A	5ydd_B	0.0	0.4497
7p1j_A	7f69_B	0.0	0.0042019
6uv8_A	6xfj_B	0.0	0.0066065
5ycz_A	6onw_B	0.0	0.49846
5zmu_A	6xiv_B	0.0	0.016662
7d2w_A	7n1j_B	0.0	0.0041878
7jtu_A	7bgf_B	0.0	0.063038
6e12_A	5yz1_B	0.0	0.0098966
6yxq_A	6sj3_B	0.0	0.059697
7o4e_A	6ka3_B	0.0	0.49513
5yr0_A	7bgs_B	0.0	0.0041778
7pku_A	6gza_B	0.0	0.4872
6yu8_A	6uak_B	0.0	0.4666
7vjn_A	6pkh_B	0.0	0.0042001
7v4o_A	7ep3_B	0.0	0.14082
6rm9_A	6chj_B	0.0	0.0052572
6d2w_A	6tjr_B	0.0	0.13931
6ubl_A	7cff_B	0.0	0.015229
6yrk_A	6qj6_B	0.0	0.036474
6ecm_A	6od1_B	0.0	0.0041818
7wwf_A	7t8i_B	0.0	0.0041744
6t0q_A	6lg2_B	0.0	0.012725
7crb_A	6oei_B	0.0	0.03606
6hej_A	6w3h_B	0.0	0.061201
7l2a_A	6a2w_B	0.0	0.064619
7tzv_A	6j3a_B	0.0	0.060738
7jw6_A	6p3x_B	0.0	0.49875
7p34_A	5mlq_B	0.0	0.018607
6l8v_A	5y2z_B	0.0	0.0085996
7ai3_A	7n0z_B	0.0	0.49827
6mx1_A	6ghc_B	0.0	0.88237
5zkt_A	7nkz_B	0.0	0.0042435
6n2m_A	6ryi_B	0.0	0.30581
6k4e_A	7dpe_B	0.0	0.49908
6qpq_A	7vjo_B	0.0	0.78888
6wle_A	6w3i_B	0.0	0.027437
7c5z_A	6ggo_B	0.0	0.0042535
6xwx_A	7kqu_B	0.0	0.095112
7f9j_A	7d2g_B	0.0	0.004174
6ka3_A	5zkt_B	0.0	0.0041737
6hq2_A	7sr6_B	0.0	0.010174
5nzz_A	6gs2_B	0.0	0.49946
6ekr_A	6z70_B	0.0	0.0050848
7c0q_A	6d1p_B	0.0	0.0078055
6xiv_A	6jjw_B	0.0	0.0041722
6r22_A	7cyl_B	0.0	0.0071608
7vkx_A	6vz0_B	0.0	0.0041724
6tdn_A	7nqk_B	0.0	0.0042653
6iuf_A	7q6j_B	0.0	0.0041727
6gcv_A	6ugk_B	0.0	0.73954
6l4b_A	6k5g_B	0.0	0.49903
6s9j_A	7drj_B	0.0	0.49696
7tjl_A	6jzy_B	0.0	0.016263
6nd7_A	7d34_B	0.0	0.0041752
7emy_A	7vu7_B	0.0	0.0041731
5yug_A	7adk_B	0.0	0.01421
6lhs_A	6efn_B	0.0	0.20319
7duv_A	6sws_B	0.0	0.0041768
6uxq_A	6cbc_B	0.0	0.20757
7dn8_A	6j4p_B	0.0	0.49488
6ns4_A	6hat_B	0.0	0.014935
7n1n_A	7dfe_B	0.0	0.004207
6ksy_A	6mfo_B	0.0	0.49901
7cm9_A	7au2_B	0.0	0.0077187
6xgw_A	6dxr_B	0.0	0.49694
6k8k_A	6cmv_B	0.0	0.4987
6xb6_A	7kfk_B	0.0	0.048279
6ahp_A	7qih_B	0.0	0.0042128
6izv_A	6ulw_B	0.0	0.1614
6v45_A	6xla_B	0.0	0.0041761
6ecw_A	6vbb_B	0.0	0.010301
6ae9_A	6y7f_B	0.0	0.49851
6vhh_A	7c7s_B	0.0	0.0042822
6xgz_A	6l5j_B	0.0	0.0041727
7eqx_A	6jiw_B	0.0	0.008981
6rfg_A	7vg7_B	0.0	0.0041729
6s0e_A	6pi4_B	0.0	0.0041725
7eqe_A	6cp8_B	0.0	0.01452
6isk_A	7lht_B	0.0	0.0059823
7ep7_A	6w6b_B	0.0	0.85945
7vw0_A	6m4f_B	0.0	0.0043447
7k3s_A	6v7u_B	0.0	0.0041761
6n4x_A	6sek_B	0.0	0.0054237
6qwo_A	6p66_B	0.0	0.0254
6a4v_A	5zne_B	0.0	0.010477
6tl8_A	6hxa_B	0.0	0.0041735
6p74_A	6b9o_B	0.0	0.0052441
7sb2_A	6zi1_B	0.0	0.0049743
6oei_A	7xoi_B	0.0	0.0070271
6nf3_A	7lga_B	0.0	0.0041759
7oyk_A	6lta_B	0.0	0.49862
7nqk_A	6qvp_B	0.0	0.0062176
6rk1_A	7f9h_B	0.0	0.0041731
6oqq_A	6fg9_B	0.0	0.010121
7vo4_A	7dn8_B	0.0	0.004173
6z70_A	6j6a_B	0.0	0.0051752
6bqc_A	7p9p_B	0.0	0.094467
6o38_A	6tgp_B	0.0	0.0073164
5zfk_A	7fiw_B	0.0	0.0041733
7vsi_A	5w4a_B	0.0	0.0056175
5xxz_A	7ut4_B	0.0	0.0041957
6pgv_A	6hej_B	0.0	0.13879
7mwa_A	7v6p_B	0.0	0.020923
6pi4_A	6ea8_B	0.0	0.0041753
6yhh_A	7lq2_B	0.0	0.49814
7dka_A	7ajl_B	0.0	0.0041926
7v2v_A	6dm3_B	0.0	0.0041732
6qup_A	7epq_B	0.0	0.14123
7t7i_A	7nb0_B	0.0	0.0041728
6lxx_A	6hsd_B	0.0	0.019805
6ltz_A	6nus_B	0.0	0.49516
7ct3_A	7bil_B	0.0	0.31034
7eev_A	6lul_B	0.0	0.005433
7f52_A	6fqb_B	0.0	0.49933
6if6_A	5ytq_B	0.0	0.32459
6s4q_A	6xf1_B	0.0	0.0097108
6ihj_A	6sa9_B	0.0	0.34787
7o61_A	5znm_B	0.0	0.87434
5z51_A	7dma_B	0.0	0.77583
7qla_A	6t88_B	0.0	0.010337
7wsj_A	6ys4_B	0.0	0.017057
6z26_A	6iqe_B	0.0	0.015428
7aed_A	7e2r_B	0.0	0.060708
5yz1_A	6a2u_B	0.0	0.0091815
7pvh_A	6ae9_B	0.0	0.49826
6pqx_A	7b0w_B	0.0	0.0041737
6osw_A	6c6n_B	0.0	0.0041775
6rzo_A	6yt3_B	0.0	0.025879
7c5y_A	7elc_B	0.0	0.0042366
6igv_A	6yxa_B	0.0	0.49843
6hlu_A	6ecm_B	0.0	0.9491
6sm4_A	7vw0_B	0.0	0.0041889
6rpt_A	5yr0_B	0.0	0.004176
7ubz_A	7vb4_B	0.0	0.033403
7tj4_A	7r5y_B	0.0	0.078939
6vzf_A	6bxz_B	0.0	0.0041764
7b2b_A	5zh8_B	0.0	0.49226
7e8j_A	7ci1_B	0.0	0.020758
7au2_A	6m49_B	0.0	0.020111
7cma_A	7jx6_B	0.0	0.0041738
6jsd_A	7nz9_B	0.0	0.068789
7kl7_A	6yub_B	0.0	0.053627
6sib_A	6fnn_B	0.0	0.0041729
7n88_A	7t8o_B	0.0	0.14425
7u2s_A	7pvh_B	0.0	0.015278
7e2r_A	7e8j_B	0.0	0.19155
7n0e_A	6xod_B	0.0	0.0041726
6xm1_A	6d0h_B	0.0	0.016747
6j6a_A	7a0h_B	0.0	0.10577
6n63_A	6gh3_B	0.0	0.0086411
7kc4_A	5zi6_B	0.0	0.0042776
7nj1_A	5z5k_B	0.0	0.0041756
7cik_A	6rs4_B	0.0	0.14045
6gf8_A	6ksy_B	0.0	0.13857
5wb4_A	6ur7_B	0.0	0.36341
7dwm_A	6ytu_B	0.0	0.0041791
6n7m_A	6nki_B	0.0	0.0088374
7tzh_A	7ebs_B	0.0	0.065736
7ncy_A	7dvn_B	0.0	0.1374
6iya_A	6no6_B	0.0	0.0043162
6dm3_A	7lgn_B	0.0	0.499
6mxv_A	6p2r_B	0.0	0.0047369
6xrb_A	6efy_B	0.0	0.0044441
6hxv_A	6psy_B	0.0	0.025476
7dvn_A	6p1e_B	0.0	0.49422
6fp5_A	6qaj_B	0.0	0.0041746
7pty_A	6wlg_B	0.0	0.63388
6k62_A	7f52_B	0.0	0.02439
6g7b_A	6j0y_B	0.0	0.49486
6tdm_A	6u6r_B	0.0	0.0046403
6gza_A	7vgg_B	0.0	0.078817
7oix_A	7sb2_B	0.0	0.012149
7m4m_A	7blf_B	0.0	0.0041728
6rn5_A	6xig_B	0.0	0.036582
7e2h_A	6ahw_B	0.0	0.0081193
6hcz_A	6j9r_B	0.0	0.026928
7cnb_A	6n7m_B	0.0	0.0047501
6kew_A	6fqr_B	0.0	0.13831
6pal_A	6mgv_B	0.0	0.0044433
6sn1_A	7lkq_B	0.0	0.048192
7s69_A	6yfi_B	0.0	0.017414
7dpe_A	5xvj_B	0.0	0.49797
7lu4_A	7cv7_B	0.0	0.005768
6db1_A	7mrj_B	0.0	0.13746
7ci1_A	6pnp_B	0.0	0.0057271
6m31_A	7fcl_B	0.0	0.014263
7bcb_A	7mbw_B	0.0	0.54247
6p4o_A	7ocz_B	0.0	0.096711
6fxa_A	5ze7_B	0.0	0.011992
6j8l_A	6nnw_B	0.0	0.047722
6i1r_A	6a7s_B	0.0	0.0085189
6q2z_A	6wmm_B	0.0	0.49515
5z5o_A	6mud_B	0.0	0.11822
7fiw_A	6fln_B	0.0	0.22113
7b6b_A	5ow2_B	0.0	0.010579
7lc1_A	6rrk_B	0.0	0.0041728
7txn_A	7kl5_B	0.0	0.0042103
6ae8_A	6tgk_B	0.0	0.59456
6htj_A	7lre_B	0.0	0.047391
6xdc_A	6w2l_B	0.0	0.010399
7da9_A	7br1_B	0.0	0.007659
6tcb_A	6vgo_B	0.0	0.49698
6gup_A	6sbs_B	0.0	0.49747
6ms4_A	6ggr_B	0.0	0.49717
6yx5_A	6a0n_B	0.0	0.0041797
6fco_A	7cu9_B	0.0	0.0042045
6j9k_A	5zle_B	0.0	0.025401
6r45_A	7sde_B	0.0	0.23411
6y93_A	6iih_B	0.0	0.91208
6efy_A	6wk3_B	0.0	0.10922
6dqx_A	7bji_B	0.0	0.0041729
6wku_A	6hiu_B	0.0	0.01988
6okh_A	6h40_B	0.0	0.0041735
6fde_A	7shq_B	0.0	0.55723
6w2l_A	6hv8_B	0.0	0.0078387
6jjw_A	7agw_B	0.0	0.81604
6qti_A	7ev8_B	0.0	0.49769
6ak3_A	7p1j_B	0.0	0.0053974
7rwk_A	6urq_B	0.0	0.49727
7duf_A	6h59_B	0.0	0.0042336
7elc_A	6gtq_B	0.0	0.49905
7vb4_A	6wt5_B	0.0	0.73656
7qih_A	6ifo_B	0.0	0.0042792
6p7j_A	7cnb_B	0.0	0.027156
6xor_A	6j9k_B	0.0	0.0041754
6h9n_A	6dt7_B	0.0	0.010813
6mlu_A	7cm9_B	0.0	0.0046813
6h8f_A	6nd7_B	0.0	0.0041794
6u8t_A	6jpl_B	0.0	0.13846
6yjd_A	6wud_B	0.0	0.0041785
5zne_A	6vpe_B	0.0	0.63181
6m49_A	6y4l_B	0.0	0.013209
6hqz_A	7c67_B	0.0	0.011509
7cbs_A	6gh8_B	0.0	0.0046501
7bp3_A	6gdj_B	0.0	0.004233
7zal_A	7c6i_B	0.0	0.016222
6tp5_A	7uh4_B	0.0	0.0042083
6nag_A	6m3i_B	0.0	0.011344
7l49_A	6lbu_B	0.0	0.012032
7a0h_A	7p34_B	0.0	0.0077274
6sid_A	6al9_B	0.0	0.35918
6ryd_A	6lsa_B	0.0	0.004186
6jd6_A	6w9r_B	0.0	0.0041836
6hwl_A	6vri_B	0.0	0.46443
6u81_A	7ay0_B	0.0	0.0041721
6yk8_A	7vcr_B	0.0	0.032682
6tun_A	6p1a_B	0.0	0.46027
5ow2_A	6k62_B	0.0	0.88186
6onb_A	6r45_B	0.0	0.0041747
6m6s_A	7eqe_B	0.0	0.49681
6tjr_A	7eft_B	0.0	0.036134
7ped_A	6fh4_B	0.0	0.34858
6eg7_A	6gf8_B	0.0	0.13996
6l3q_A	7nxg_B	0.0	0.0041824
7d2g_A	6h6o_B	0.0	0.0041759
6dt7_A	6n2u_B	0.0	0.49582
5ya6_A	5yek_B	0.0	0.036634
6wt5_A	6l4b_B	0.0	0.49824
7nto_A	6mag_B	0.0	0.0041725
6ea8_A	7f7p_B	0.0	0.026244
6wsm_A	6imf_B	0.0	0.0041861
7aal_A	6hbz_B	0.0	0.15234
7duw_A	7ccb_B	0.0	0.025373
5xll_A	6hxv_B	0.0	0.00418
7acw_A	5yug_B	0.0	0.0041738
7ls0_A	5wec_B	0.0	0.0041805
7jqd_A	5y7d_B	0.0	0.004334
7wa4_A	7s9v_B	0.0	0.13882
6sj3_A	6g1c_B	0.0	0.93695
